"DEVICE","SLOT","ACCOUNT","TRUSTSCORE","ACTION","DETAIL","TIMESTAMP"
"2026-10-03 09:16:47","2026-10-03 09:16:47","Aura Farming","2026-10-03 09:16:47","Started","Cycle Started, Farming Aura","2026-10-03 09:16:47"
"2026-10-03 09:13:04","2026-10-03 09:13:04","Aura Farming","2026-10-03 09:13:04","Complete","No metrics recorded","2026-10-03 09:13:04"
"2026-10-03 09:09:13","2026-10-03 09:09:13","Aura Farming","2026-10-03 09:09:13","Started","Cycle Started, Farming Aura","2026-10-03 09:09:13"
"2026-10-03 09:08:46","2026-10-03 09:08:46","Aura Farming","2026-10-03 09:08:46","Collision Prevented","Collision Prevented","2026-10-03 09:08:46"
"2026-10-03 09:05:19","2026-10-03 09:05:19","Aura Farming","2026-10-03 09:05:19","Complete","7 stories watched, 5 reels watched, 1 post uploaded, 7 posts scrolled, 7 Explore scrolls","2026-10-03 09:05:19"
"2026-10-03 09:04:58","2026-10-03 09:04:58","Aura Farming","2026-10-03 09:04:58","Complete","1 follows, 4 reels watched, 1 posts scrolled, 1 Explore scrolls","2026-10-03 09:04:58"
"2026-10-03 09:01:19","2026-10-03 09:01:19","Aura Farming","2026-10-03 09:01:19","Collision Prevented","Collision Prevented","2026-10-03 09:01:19"
"2026-10-03 08:58:52","2026-10-03 08:58:52","Aura Farming","2026-10-03 08:58:52","Complete","1 follows, 4 reels watched, 3 saved, 1 posts scrolled, 1 Explore scrolls","2026-10-03 08:58:52"
"2026-10-03 08:58:35","2026-10-03 08:58:35","Aura Farming","2026-10-03 08:58:35","Collision Prevented","Collision Prevented","2026-10-03 08:58:35"
"2026-10-03 08:58:07","2026-10-03 08:58:07","Aura Farming","2026-10-03 08:58:07","Complete","6 posts scrolled, 5 Explore scrolls","2026-10-03 08:58:07"
"2026-10-03 08:57:34","2026-10-03 08:57:34","Aura Farming","2026-10-03 08:57:34","Started","Cycle Started, Farming Aura","2026-10-03 08:57:34"
"2026-10-03 08:55:41","2026-10-03 08:55:41","Aura Farming","2026-10-03 08:55:41","Started","Cycle Started, Farming Aura","2026-10-03 08:55:41"
"2026-10-03 08:53:49","2026-10-03 08:53:49","Aura Farming","2026-10-03 08:53:49","Started","Cycle Started, Farming Aura","2026-10-03 08:53:49"
"2026-10-03 08:51:59","2026-10-03 08:51:59","Aura Farming","2026-10-03 08:51:59","Started","Cycle Started, Farming Aura","2026-10-03 08:51:59"
"2026-10-03 08:48:30","2026-10-03 08:48:30","Aura Farming","2026-10-03 08:48:30","Complete","2 likes, 2 reels watched, 1 saved, 3 posts scrolled, 5 Explore scrolls","2026-10-03 08:48:30"
"2026-10-03 08:48:16","2026-10-03 08:48:16","Aura Farming","2026-10-03 08:48:16","Collision Prevented","Collision Prevented","2026-10-03 08:48:16"
"2026-10-03 08:37:45","2026-10-03 08:37:45","Aura Farming","2026-10-03 08:37:45","Complete","4 posts scrolled","2026-10-03 08:37:45"
"2026-10-03 08:37:35","2026-10-03 08:37:35","Aura Farming","2026-10-03 08:37:35","Complete","1 follows, 2 stories watched, 4 Explore scrolls","2026-10-03 08:37:35"
"2026-10-03 08:36:38","2026-10-03 08:36:38","Aura Farming","2026-10-03 08:36:38","Started","Cycle Started, Farming Aura","2026-10-03 08:36:38"
"2026-10-03 08:34:54","2026-10-03 08:34:54","Aura Farming","2026-10-03 08:34:54","Started","Cycle Started, Farming Aura","2026-10-03 08:34:54"
"2026-10-03 08:30:16","2026-10-03 08:30:16","Aura Farming","2026-10-03 08:30:16","Complete","2 Explore scrolls","2026-10-03 08:30:16"
"2026-10-03 08:29:52","2026-10-03 08:29:52","Aura Farming","2026-10-03 08:29:52","Complete","No metrics recorded","2026-10-03 08:29:52"
"2026-10-03 08:27:23","2026-10-03 08:27:23","Aura Farming","2026-10-03 08:27:23","Started","Cycle Started, Farming Aura","2026-10-03 08:27:23"
"2026-10-03 08:26:47","2026-10-03 08:26:47","Aura Farming","2026-10-03 08:26:47","Collision Prevented","Collision Prevented","2026-10-03 08:26:47"
"2026-10-03 08:26:30","2026-10-03 08:26:30","Aura Farming","2026-10-03 08:26:30","Started","Cycle Started, Farming Aura","2026-10-03 08:26:30"
"2026-10-03 08:26:26","2026-10-03 08:26:26","Aura Farming","2026-10-03 08:26:26","Started","Cycle Started, Farming Aura","2026-10-03 08:26:26"
"2026-10-03 08:21:27","2026-10-03 08:21:27","Aura Farming","2026-10-03 08:21:27","Complete","1 likes, 1 follows, 3 reels watched, 1 saved, 12 posts scrolled","2026-10-03 08:21:27"
"2026-10-03 08:19:50","2026-10-03 08:19:50","Aura Farming","2026-10-03 08:19:50","Complete","1 follows","2026-10-03 08:19:50"
"2026-10-03 08:16:03","2026-10-03 08:16:03","Aura Farming","2026-10-03 08:16:03","Started","Cycle Started, Farming Aura","2026-10-03 08:16:03"
"2026-10-03 08:13:58","2026-10-03 08:13:58","Aura Farming","2026-10-03 08:13:58","Started","Cycle Started, Farming Aura","2026-10-03 08:13:58"
"2026-10-03 08:11:49","2026-10-03 08:11:49","Aura Farming","2026-10-03 08:11:49","Collision Prevented","Collision Prevented","2026-10-03 08:11:49"
"2026-10-03 08:10:34","2026-10-03 08:10:34","Aura Farming","2026-10-03 08:10:34","Complete","4 likes, 8 reels watched, 10 posts scrolled, 9 Explore scrolls","2026-10-03 08:10:34"
"2026-10-03 08:10:25","2026-10-03 08:10:25","Aura Farming","2026-10-03 08:10:25","Complete","2 likes, 5 reels watched, 2 posts uploaded, 6 posts scrolled, 9 Explore scrolls","2026-10-03 08:10:25"
"2026-10-03 08:04:57","2026-10-03 08:04:57","Aura Farming","2026-10-03 08:04:57","Complete","1 follows, 5 posts scrolled","2026-10-03 08:04:57"
"2026-10-03 08:03:47","2026-10-03 08:03:47","Aura Farming","2026-10-03 08:03:47","Started","Cycle Started, Farming Aura","2026-10-03 08:03:47"
"2026-10-03 08:02:20","2026-10-03 08:02:20","Aura Farming","2026-10-03 08:02:20","Started","Cycle Started, Farming Aura","2026-10-03 08:02:20"
"2026-10-03 08:01:29","2026-10-03 08:01:29","Aura Farming","2026-10-03 08:01:29","Started","Cycle Started, Farming Aura","2026-10-03 08:01:29"
"2026-10-03 07:59:26","2026-10-03 07:59:26","Aura Farming","2026-10-03 07:59:26","Collision Prevented","Collision Prevented","2026-10-03 07:59:26"
"2026-10-03 07:55:54","2026-10-03 07:55:54","Aura Farming","2026-10-03 07:55:54","Complete","4 posts scrolled, 3 Explore scrolls","2026-10-03 07:55:54"
"2026-10-03 07:55:11","2026-10-03 07:55:11","Aura Farming","2026-10-03 07:55:11","Complete","2 follows, 1 post uploaded, 7 posts scrolled, 12 Explore scrolls","2026-10-03 07:55:11"
"2026-10-03 07:52:00","2026-10-03 07:52:00","Aura Farming","2026-10-03 07:52:00","Started","Cycle Started, Farming Aura","2026-10-03 07:52:00"
"2026-10-03 07:42:13","2026-10-03 07:42:13","Aura Farming","2026-10-03 07:42:13","Complete","2 likes, 5 stories watched, 7 reels watched, 1 saved, 13 posts scrolled, 5 Explore scrolls","2026-10-03 07:42:13"
"2026-10-03 07:41:18","2026-10-03 07:41:18","Aura Farming","2026-10-03 07:41:18","Complete","4 stories watched, 1 post uploaded, 1 posts scrolled","2026-10-03 07:41:18"
"2026-10-03 07:40:51","2026-10-03 07:40:51","Aura Farming","2026-10-03 07:40:51","Complete","No metrics recorded","2026-10-03 07:40:51"
"2026-10-03 07:38:41","2026-10-03 07:38:41","Aura Farming","2026-10-03 07:38:41","Started","Cycle Started, Farming Aura","2026-10-03 07:38:41"
"2026-10-03 07:36:31","2026-10-03 07:36:31","Aura Farming","2026-10-03 07:36:31","Started","Cycle Started, Farming Aura","2026-10-03 07:36:31"
"2026-10-03 07:33:42","2026-10-03 07:33:42","Aura Farming","2026-10-03 07:33:42","Started","Cycle Started, Farming Aura","2026-10-03 07:33:42"
"2026-10-03 07:33:07","2026-10-03 07:33:07","Aura Farming","2026-10-03 07:33:07","Collision Prevented","Collision Prevented","2026-10-03 07:33:07"
"2026-10-03 07:32:04","2026-10-03 07:32:04","Aura Farming","2026-10-03 07:32:04","Complete","1 likes, 3 follows, 14 Explore scrolls","2026-10-03 07:32:04"
"2026-10-03 07:27:15","2026-10-03 07:27:15","Aura Farming","2026-10-03 07:27:15","Started","Cycle Started, Farming Aura","2026-10-03 07:27:15"
"2026-10-03 07:21:32","2026-10-03 07:21:32","Aura Farming","2026-10-03 07:21:32","Collision Prevented","Collision Prevented","2026-10-03 07:21:32"
"2026-10-03 07:18:14","2026-10-03 07:18:14","Aura Farming","2026-10-03 07:18:14","Complete","1 likes, 2 follows, 9 reels watched, 1 saved, 5 Explore scrolls","2026-10-03 07:18:14"
"2026-10-03 07:17:57","2026-10-03 07:17:57","Aura Farming","2026-10-03 07:17:57","Started","Cycle Started, Farming Aura","2026-10-03 07:17:57"
"2026-10-03 07:16:17","2026-10-03 07:16:17","Aura Farming","2026-10-03 07:16:17","Complete","2 follows, 2 reels watched, 1 saved","2026-10-03 07:16:17"
"2026-10-03 07:12:24","2026-10-03 07:12:24","Aura Farming","2026-10-03 07:12:24","Complete","2 reels watched, 1 saved, 7 Explore scrolls","2026-10-03 07:12:24"
"2026-10-03 07:10:34","2026-10-03 07:10:34","Aura Farming","2026-10-03 07:10:34","Started","Cycle Started, Farming Aura","2026-10-03 07:10:34"
"2026-10-03 07:09:59","2026-10-03 07:09:59","Aura Farming","2026-10-03 07:09:59","Started","Cycle Started, Farming Aura","2026-10-03 07:09:59"
"2026-10-03 07:06:39","2026-10-03 07:06:39","Aura Farming","2026-10-03 07:06:39","Started","Cycle Started, Farming Aura","2026-10-03 07:06:39"
"2026-10-03 07:05:34","2026-10-03 07:05:34","Aura Farming","2026-10-03 07:05:34","Complete","2 likes, 3 follows, 7 reels watched, 1 post uploaded, 1 saved, 1 posts scrolled, 1 Explore scrolls","2026-10-03 07:05:34"
"2026-10-03 07:00:11","2026-10-03 07:00:11","Aura Farming","2026-10-03 07:00:11","Complete","No metrics recorded","2026-10-03 07:00:11"
"2026-10-03 06:58:34","2026-10-03 06:58:34","Aura Farming","2026-10-03 06:58:34","Started","Cycle Started, Farming Aura","2026-10-03 06:58:34"
"2026-10-03 06:54:51","2026-10-03 06:54:51","Aura Farming","2026-10-03 06:54:51","Started","Cycle Started, Farming Aura","2026-10-03 06:54:51"
"2026-10-03 06:51:58","2026-10-03 06:51:58","Aura Farming","2026-10-03 06:51:58","Complete","No metrics recorded","2026-10-03 06:51:58"
"2026-10-03 06:50:43","2026-10-03 06:50:43","Aura Farming","2026-10-03 06:50:43","Complete","2 likes, 1 follows, 3 reels watched, 1 saved, 2 posts scrolled, 7 Explore scrolls","2026-10-03 06:50:43"
"2026-10-03 06:49:56","2026-10-03 06:49:56","Aura Farming","2026-10-03 06:49:56","Started","Cycle Started, Farming Aura","2026-10-03 06:49:56"
"2026-10-03 06:46:20","2026-10-03 06:46:20","Aura Farming","2026-10-03 06:46:20","Complete","1 likes, 1 follows, 1 post uploaded, 3 saved, 15 posts scrolled, 3 Explore scrolls","2026-10-03 06:46:20"
"2026-10-03 06:43:43","2026-10-03 06:43:43","Aura Farming","2026-10-03 06:43:43","Started","Cycle Started, Farming Aura","2026-10-03 06:43:43"
"2026-10-03 06:38:12","2026-10-03 06:38:12","Aura Farming","2026-10-03 06:38:12","Complete","3 likes, 1 follows, 4 reels watched, 6 posts scrolled","2026-10-03 06:38:12"
"2026-10-03 06:33:29","2026-10-03 06:33:29","Aura Farming","2026-10-03 06:33:29","Complete","2 follows, 8 posts scrolled, 9 Explore scrolls","2026-10-03 06:33:29"
"2026-10-03 06:33:03","2026-10-03 06:33:03","Aura Farming","2026-10-03 06:33:03","Complete","1 likes, 2 reels watched, 4 Explore scrolls","2026-10-03 06:33:03"
"2026-10-03 06:29:05","2026-10-03 06:29:05","Aura Farming","2026-10-03 06:29:05","Started","Cycle Started, Farming Aura","2026-10-03 06:29:05"
"2026-10-03 06:28:36","2026-10-03 06:28:36","Aura Farming","2026-10-03 06:28:36","Started","Cycle Started, Farming Aura","2026-10-03 06:28:36"
"2026-10-03 06:25:46","2026-10-03 06:25:46","Aura Farming","2026-10-03 06:25:46","Started","Cycle Started, Farming Aura","2026-10-03 06:25:46"
"2026-10-03 06:24:31","2026-10-03 06:24:31","Aura Farming","2026-10-03 06:24:31","Started","Cycle Started, Farming Aura","2026-10-03 06:24:31"
"2026-10-03 06:21:29","2026-10-03 06:21:29","Aura Farming","2026-10-03 06:21:29","Complete","2 follows, 2 saved, 14 posts scrolled, 2 Explore scrolls","2026-10-03 06:21:29"
"2026-10-03 06:20:22","2026-10-03 06:20:22","Aura Farming","2026-10-03 06:20:22","Collision Prevented","Collision Prevented","2026-10-03 06:20:22"
"2026-10-03 06:14:02","2026-10-03 06:14:02","Aura Farming","2026-10-03 06:14:02","Started","Cycle Started, Farming Aura","2026-10-03 06:14:02"
"2026-10-03 06:12:05","2026-10-03 06:12:05","Aura Farming","2026-10-03 06:12:05","Complete","1 likes, 1 stories watched, 4 posts scrolled","2026-10-03 06:12:05"
"2026-10-03 06:07:52","2026-10-03 06:07:52","Aura Farming","2026-10-03 06:07:52","Complete","1 likes, 1 follows, 4 reels watched","2026-10-03 06:07:52"
"2026-10-03 06:06:49","2026-10-03 06:06:49","Aura Farming","2026-10-03 06:06:49","Started","Cycle Started, Farming Aura","2026-10-03 06:06:49"
"2026-10-03 06:06:26","2026-10-03 06:06:26","Aura Farming","2026-10-03 06:06:26","Collision Prevented","Collision Prevented","2026-10-03 06:06:26"
"2026-10-03 06:05:08","2026-10-03 06:05:08","Aura Farming","2026-10-03 06:05:08","Complete","No metrics recorded","2026-10-03 06:05:08"
"2026-10-03 06:02:49","2026-10-03 06:02:49","Aura Farming","2026-10-03 06:02:49","Complete","No metrics recorded","2026-10-03 06:02:49"
"2026-10-03 06:02:23","2026-10-03 06:02:23","Aura Farming","2026-10-03 06:02:23","Started","Cycle Started, Farming Aura","2026-10-03 06:02:23"
"2026-10-03 06:02:22","2026-10-03 06:02:22","Aura Farming","2026-10-03 06:02:22","Started","Cycle Started, Farming Aura","2026-10-03 06:02:22"
"2026-10-03 06:00:06","2026-10-03 06:00:06","Aura Farming","2026-10-03 06:00:06","Started","Cycle Started, Farming Aura","2026-10-03 06:00:06"
"2026-10-03 05:59:11","2026-10-03 05:59:11","Aura Farming","2026-10-03 05:59:11","Collision Prevented","Collision Prevented","2026-10-03 05:59:11"
"2026-10-03 05:58:16","2026-10-03 05:58:16","Aura Farming","2026-10-03 05:58:16","Collision Prevented","Collision Prevented","2026-10-03 05:58:16"
"2026-10-03 05:55:25","2026-10-03 05:55:25","Aura Farming","2026-10-03 05:55:25","Complete","3 stories watched, 10 Explore scrolls","2026-10-03 05:55:25"
"2026-10-03 05:53:19","2026-10-03 05:53:19","Aura Farming","2026-10-03 05:53:19","Collision Prevented","Collision Prevented","2026-10-03 05:53:19"
"2026-10-03 05:49:45","2026-10-03 05:49:45","Aura Farming","2026-10-03 05:49:45","Started","Cycle Started, Farming Aura","2026-10-03 05:49:45"
"2026-10-03 05:44:14","2026-10-03 05:44:14","Aura Farming","2026-10-03 05:44:14","Complete","1 likes, 2 reels watched, 1 saved, 6 posts scrolled, 12 Explore scrolls","2026-10-03 05:44:14"
"2026-10-03 05:43:14","2026-10-03 05:43:14","Aura Farming","2026-10-03 05:43:14","Complete","1 reels watched, 1 saved, 2 posts scrolled, 7 Explore scrolls","2026-10-03 05:43:14"
"2026-10-03 05:42:01","2026-10-03 05:42:01","Aura Farming","2026-10-03 05:42:01","Complete","1 follows, 1 posts scrolled, 4 Explore scrolls","2026-10-03 05:42:01"
"2026-10-03 05:40:23","2026-10-03 05:40:23","Aura Farming","2026-10-03 05:40:23","Complete","3 follows, 1 saved, 5 Explore scrolls","2026-10-03 05:40:23"
"2026-10-03 05:38:16","2026-10-03 05:38:16","Aura Farming","2026-10-03 05:38:16","Started","Cycle Started, Farming Aura","2026-10-03 05:38:16"
"2026-10-03 05:35:41","2026-10-03 05:35:41","Aura Farming","2026-10-03 05:35:41","Started","Cycle Started, Farming Aura","2026-10-03 05:35:41"
"2026-10-03 05:28:47","2026-10-03 05:28:47","Aura Farming","2026-10-03 05:28:47","Started","Cycle Started, Farming Aura","2026-10-03 05:28:47"
"2026-10-03 05:27:57","2026-10-03 05:27:57","Aura Farming","2026-10-03 05:27:57","Complete","1 follows, 1 reels watched, 1 saved, 5 posts scrolled","2026-10-03 05:27:57"
"2026-10-03 05:22:32","2026-10-03 05:22:32","Aura Farming","2026-10-03 05:22:32","Started","Cycle Started, Farming Aura","2026-10-03 05:22:32"
"2026-10-03 05:18:58","2026-10-03 05:18:58","Aura Farming","2026-10-03 05:18:58","Started","Cycle Started, Farming Aura","2026-10-03 05:18:58"
"2026-10-03 05:18:42","2026-10-03 05:18:42","Aura Farming","2026-10-03 05:18:42","Complete","2 stories watched, 24 posts scrolled, 8 Explore scrolls","2026-10-03 05:18:42"
"2026-10-03 05:18:12","2026-10-03 05:18:12","Aura Farming","2026-10-03 05:18:12","Complete","1 saved, 2 posts scrolled, 4 Explore scrolls","2026-10-03 05:18:12"
"2026-10-03 05:15:51","2026-10-03 05:15:51","Aura Farming","2026-10-03 05:15:51","Collision Prevented","Collision Prevented","2026-10-03 05:15:51"
"2026-10-03 05:14:07","2026-10-03 05:14:07","Aura Farming","2026-10-03 05:14:07","Collision Prevented","Collision Prevented","2026-10-03 05:14:07"
"2026-10-03 05:13:18","2026-10-03 05:13:18","Aura Farming","2026-10-03 05:13:18","Started","Cycle Started, Farming Aura","2026-10-03 05:13:18"
"2026-10-03 05:11:03","2026-10-03 05:11:03","Aura Farming","2026-10-03 05:11:03","Complete","1 stories watched, 8 reels watched, 1 post uploaded, 7 Explore scrolls","2026-10-03 05:11:03"
"2026-10-03 05:10:15","2026-10-03 05:10:15","Aura Farming","2026-10-03 05:10:15","Started","Cycle Started, Farming Aura","2026-10-03 05:10:15"
"2026-10-03 05:04:47","2026-10-03 05:04:47","Aura Farming","2026-10-03 05:04:47","Started","Cycle Started, Farming Aura","2026-10-03 05:04:47"
"2026-10-03 05:03:49","2026-10-03 05:03:49","Aura Farming","2026-10-03 05:03:49","Collision Prevented","Collision Prevented","2026-10-03 05:03:49"
"2026-10-03 05:03:03","2026-10-03 05:03:03","Aura Farming","2026-10-03 05:03:03","Complete","2 posts uploaded, 1 posts scrolled, 8 Explore scrolls","2026-10-03 05:03:03"
"2026-10-03 05:00:55","2026-10-03 05:00:55","Aura Farming","2026-10-03 05:00:55","Complete","1 follows, 2 reels watched, 2 Explore scrolls","2026-10-03 05:00:55"
"2026-10-03 04:57:44","2026-10-03 04:57:44","Aura Farming","2026-10-03 04:57:44","Started","Cycle Started, Farming Aura","2026-10-03 04:57:44"
"2026-10-03 04:56:34","2026-10-03 04:56:34","Aura Farming","2026-10-03 04:56:34","Collision Prevented","Collision Prevented","2026-10-03 04:56:34"
"2026-10-03 04:55:57","2026-10-03 04:55:57","Aura Farming","2026-10-03 04:55:57","Started","Cycle Started, Farming Aura","2026-10-03 04:55:57"
"2026-10-03 04:53:31","2026-10-03 04:53:31","Aura Farming","2026-10-03 04:53:31","Complete","1 likes, 3 follows, 1 stories watched, 5 reels watched, 2 saved, 3 posts scrolled","2026-10-03 04:53:31"
"2026-10-03 04:51:55","2026-10-03 04:51:55","Aura Farming","2026-10-03 04:51:55","Complete","2 reels watched, 1 posts scrolled, 4 Explore scrolls","2026-10-03 04:51:55"
"2026-10-03 04:48:06","2026-10-03 04:48:06","Aura Farming","2026-10-03 04:48:06","Started","Cycle Started, Farming Aura","2026-10-03 04:48:06"
"2026-10-03 04:44:05","2026-10-03 04:44:05","Aura Farming","2026-10-03 04:44:05","Complete","2 likes, 2 follows, 7 stories watched, 7 reels watched, 2 saved, 14 posts scrolled, 3 Explore scrolls","2026-10-03 04:44:05"
"2026-10-03 04:41:47","2026-10-03 04:41:47","Aura Farming","2026-10-03 04:41:47","Complete","2 saved, 9 posts scrolled","2026-10-03 04:41:47"
"2026-10-03 04:40:50","2026-10-03 04:40:50","Aura Farming","2026-10-03 04:40:50","Started","Cycle Started, Farming Aura","2026-10-03 04:40:50"
"2026-10-03 04:38:30","2026-10-03 04:38:30","Aura Farming","2026-10-03 04:38:30","Complete","2 posts scrolled, 9 Explore scrolls","2026-10-03 04:38:30"
"2026-10-03 04:36:27","2026-10-03 04:36:27","Aura Farming","2026-10-03 04:36:27","Collision Prevented","Collision Prevented","2026-10-03 04:36:27"
"2026-10-03 04:35:37","2026-10-03 04:35:37","Aura Farming","2026-10-03 04:35:37","Started","Cycle Started, Farming Aura","2026-10-03 04:35:37"
"2026-10-03 04:30:49","2026-10-03 04:30:49","Aura Farming","2026-10-03 04:30:49","Started","Cycle Started, Farming Aura","2026-10-03 04:30:49"
"2026-10-03 04:30:42","2026-10-03 04:30:42","Aura Farming","2026-10-03 04:30:42","Started","Cycle Started, Farming Aura","2026-10-03 04:30:42"
"2026-10-03 04:28:58","2026-10-03 04:28:58","Aura Farming","2026-10-03 04:28:58","Complete","14 posts scrolled","2026-10-03 04:28:58"
"2026-10-03 04:28:15","2026-10-03 04:28:15","Aura Farming","2026-10-03 04:28:15","Collision Prevented","Collision Prevented","2026-10-03 04:28:15"
"2026-10-03 04:24:43","2026-10-03 04:24:43","Aura Farming","2026-10-03 04:24:43","Started","Cycle Started, Farming Aura","2026-10-03 04:24:43"
"2026-10-03 04:22:13","2026-10-03 04:22:13","Aura Farming","2026-10-03 04:22:13","Collision Prevented","Collision Prevented","2026-10-03 04:22:13"
"2026-10-03 04:22:01","2026-10-03 04:22:01","Aura Farming","2026-10-03 04:22:01","Complete","2 likes, 1 follows, 4 reels watched, 4 posts scrolled","2026-10-03 04:22:01"
"2026-10-03 04:19:13","2026-10-03 04:19:13","Aura Farming","2026-10-03 04:19:13","Collision Prevented","Collision Prevented","2026-10-03 04:19:13"
"2026-10-03 04:17:04","2026-10-03 04:17:04","Aura Farming","2026-10-03 04:17:04","Started","Cycle Started, Farming Aura","2026-10-03 04:17:04"
"2026-10-03 04:15:44","2026-10-03 04:15:44","Aura Farming","2026-10-03 04:15:44","Complete","1 likes, 2 follows, 1 posts scrolled, 11 Explore scrolls","2026-10-03 04:15:44"
"2026-10-03 04:15:27","2026-10-03 04:15:27","Aura Farming","2026-10-03 04:15:27","Complete","No metrics recorded","2026-10-03 04:15:27"
"2026-10-03 04:13:26","2026-10-03 04:13:26","Aura Farming","2026-10-03 04:13:26","Started","Cycle Started, Farming Aura","2026-10-03 04:13:26"
"2026-10-03 04:05:49","2026-10-03 04:05:49","Aura Farming","2026-10-03 04:05:49","Complete","6 stories watched, 4 reels watched, 1 post uploaded, 4 Explore scrolls","2026-10-03 04:05:49"
"2026-10-03 04:02:36","2026-10-03 04:02:36","Aura Farming","2026-10-03 04:02:36","Started","Cycle Started, Farming Aura","2026-10-03 04:02:36"
"2026-10-03 04:00:45","2026-10-03 04:00:45","Aura Farming","2026-10-03 04:00:45","Complete","No metrics recorded","2026-10-03 04:00:45"
"2026-10-03 03:59:17","2026-10-03 03:59:17","Aura Farming","2026-10-03 03:59:17","Started","Cycle Started, Farming Aura","2026-10-03 03:59:17"
"2026-10-03 03:58:43","2026-10-03 03:58:43","Aura Farming","2026-10-03 03:58:43","Started","Cycle Started, Farming Aura","2026-10-03 03:58:43"
"2026-10-03 03:55:58","2026-10-03 03:55:58","Aura Farming","2026-10-03 03:55:58","Complete","5 Explore scrolls","2026-10-03 03:55:58"
"2026-10-03 03:53:00","2026-10-03 03:53:00","Aura Farming","2026-10-03 03:53:00","Started","Cycle Started, Farming Aura","2026-10-03 03:53:00"
"2026-10-03 03:50:05","2026-10-03 03:50:05","Aura Farming","2026-10-03 03:50:05","Complete","1 follows, 4 Explore scrolls","2026-10-03 03:50:05"
"2026-10-03 03:45:03","2026-10-03 03:45:03","Aura Farming","2026-10-03 03:45:03","Started","Cycle Started, Farming Aura","2026-10-03 03:45:03"
"2026-10-03 03:39:41","2026-10-03 03:39:41","Aura Farming","2026-10-03 03:39:41","Complete","3 follows, 1 post uploaded, 7 Explore scrolls","2026-10-03 03:39:41"
"2026-10-03 03:38:53","2026-10-03 03:38:53","Aura Farming","2026-10-03 03:38:53","Complete","3 reels watched, 1 post uploaded, 4 posts scrolled, 2 Explore scrolls","2026-10-03 03:38:53"
"2026-10-03 03:37:42","2026-10-03 03:37:42","Aura Farming","2026-10-03 03:37:42","Complete","1 likes, 1 follows, 3 reels watched, 1 saved, 5 posts scrolled, 3 Explore scrolls","2026-10-03 03:37:42"
"2026-10-03 03:31:23","2026-10-03 03:31:23","Aura Farming","2026-10-03 03:31:23","Started","Cycle Started, Farming Aura","2026-10-03 03:31:23"
"2026-10-03 03:30:37","2026-10-03 03:30:37","Aura Farming","2026-10-03 03:30:37","Complete","1 follows, 1 posts scrolled, 1 Explore scrolls","2026-10-03 03:30:37"
"2026-10-03 03:28:58","2026-10-03 03:28:58","Aura Farming","2026-10-03 03:28:58","Started","Cycle Started, Farming Aura","2026-10-03 03:28:58"
"2026-10-03 03:28:55","2026-10-03 03:28:55","Aura Farming","2026-10-03 03:28:55","Started","Cycle Started, Farming Aura","2026-10-03 03:28:55"
"2026-10-03 03:27:11","2026-10-03 03:27:11","Aura Farming","2026-10-03 03:27:11","Started","Cycle Started, Farming Aura","2026-10-03 03:27:11"
"2026-10-03 03:26:01","2026-10-03 03:26:01","Aura Farming","2026-10-03 03:26:01","Complete","1 likes, 3 reels watched, 5 posts scrolled, 3 Explore scrolls","2026-10-03 03:26:01"
"2026-10-03 03:21:13","2026-10-03 03:21:13","Aura Farming","2026-10-03 03:21:13","Started","Cycle Started, Farming Aura","2026-10-03 03:21:13"
"2026-10-03 03:14:47","2026-10-03 03:14:47","Aura Farming","2026-10-03 03:14:47","Complete","2 follows, 3 reels watched, 1 saved, 2 posts scrolled, 1 Explore scrolls","2026-10-03 03:14:47"
"2026-10-03 03:13:48","2026-10-03 03:13:48","Aura Farming","2026-10-03 03:13:48","Collision Prevented","Collision Prevented","2026-10-03 03:13:48"
"2026-10-03 03:12:26","2026-10-03 03:12:26","Aura Farming","2026-10-03 03:12:26","Complete","2 reels watched, 1 Explore scrolls","2026-10-03 03:12:26"
"2026-10-03 03:09:34","2026-10-03 03:09:34","Aura Farming","2026-10-03 03:09:34","Started","Cycle Started, Farming Aura","2026-10-03 03:09:34"
"2026-10-03 03:09:25","2026-10-03 03:09:25","Aura Farming","2026-10-03 03:09:25","Complete","4 posts scrolled","2026-10-03 03:09:25"
"2026-10-03 03:07:57","2026-10-03 03:07:57","Aura Farming","2026-10-03 03:07:57","Collision Prevented","Collision Prevented","2026-10-03 03:07:57"
"2026-10-03 03:07:29","2026-10-03 03:07:29","Aura Farming","2026-10-03 03:07:29","Complete","1 stories watched, 4 posts scrolled, 8 Explore scrolls","2026-10-03 03:07:29"
"2026-10-03 03:07:11","2026-10-03 03:07:11","Aura Farming","2026-10-03 03:07:11","Started","Cycle Started, Farming Aura","2026-10-03 03:07:11"
"2026-10-03 03:07:09","2026-10-03 03:07:09","Aura Farming","2026-10-03 03:07:09","Collision Prevented","Collision Prevented","2026-10-03 03:07:09"
"2026-10-03 02:58:07","2026-10-03 02:58:07","Aura Farming","2026-10-03 02:58:07","Started","Cycle Started, Farming Aura","2026-10-03 02:58:07"
"2026-10-03 02:57:23","2026-10-03 02:57:23","Aura Farming","2026-10-03 02:57:23","Complete","1 follows, 3 posts scrolled, 5 Explore scrolls","2026-10-03 02:57:23"
"2026-10-03 02:53:56","2026-10-03 02:53:56","Aura Farming","2026-10-03 02:53:56","Collision Prevented","Collision Prevented","2026-10-03 02:53:56"
"2026-10-03 02:52:41","2026-10-03 02:52:41","Aura Farming","2026-10-03 02:52:41","Started","Cycle Started, Farming Aura","2026-10-03 02:52:41"
"2026-10-03 02:51:35","2026-10-03 02:51:35","Aura Farming","2026-10-03 02:51:35","Collision Prevented","Collision Prevented","2026-10-03 02:51:35"
"2026-10-03 02:51:33","2026-10-03 02:51:33","Aura Farming","2026-10-03 02:51:33","Started","Cycle Started, Farming Aura","2026-10-03 02:51:33"
"2026-10-03 02:49:16","2026-10-03 02:49:16","Aura Farming","2026-10-03 02:49:16","Complete","1 follows, 1 reels watched, 1 posts scrolled","2026-10-03 02:49:16"
"2026-10-03 02:46:05","2026-10-03 02:46:05","Aura Farming","2026-10-03 02:46:05","Started","Cycle Started, Farming Aura","2026-10-03 02:46:05"
"2026-10-03 02:45:04","2026-10-03 02:45:04","Aura Farming","2026-10-03 02:45:04","Complete","1 reels watched","2026-10-03 02:45:04"
"2026-10-03 02:43:16","2026-10-03 02:43:16","Aura Farming","2026-10-03 02:43:16","Collision Prevented","Collision Prevented","2026-10-03 02:43:16"
"2026-10-03 02:42:33","2026-10-03 02:42:33","Aura Farming","2026-10-03 02:42:33","Started","Cycle Started, Farming Aura","2026-10-03 02:42:33"
"2026-10-03 02:38:51","2026-10-03 02:38:51","Aura Farming","2026-10-03 02:38:51","Complete","2 follows, 6 reels watched, 1 post uploaded, 1 saved, 4 posts scrolled","2026-10-03 02:38:51"
"2026-10-03 02:38:46","2026-10-03 02:38:46","Aura Farming","2026-10-03 02:38:46","Collision Prevented","Collision Prevented","2026-10-03 02:38:46"
"2026-10-03 02:36:27","2026-10-03 02:36:27","Aura Farming","2026-10-03 02:36:27","Collision Prevented","Collision Prevented","2026-10-03 02:36:27"
"2026-10-03 02:36:12","2026-10-03 02:36:12","Aura Farming","2026-10-03 02:36:12","Complete","2 follows, 1 reels watched, 2 saved, 12 posts scrolled","2026-10-03 02:36:12"
"2026-10-03 02:29:14","2026-10-03 02:29:14","Aura Farming","2026-10-03 02:29:14","Complete","1 likes, 2 follows, 3 reels watched, 2 saved, 1 posts scrolled, 2 Explore scrolls","2026-10-03 02:29:14"
"2026-10-03 02:28:38","2026-10-03 02:28:38","Aura Farming","2026-10-03 02:28:38","Started","Cycle Started, Farming Aura","2026-10-03 02:28:38"
"2026-10-03 02:27:56","2026-10-03 02:27:56","Aura Farming","2026-10-03 02:27:56","Collision Prevented","Collision Prevented","2026-10-03 02:27:56"
"2026-10-03 02:24:36","2026-10-03 02:24:36","Aura Farming","2026-10-03 02:24:36","Complete","1 follows, 8 posts scrolled","2026-10-03 02:24:36"
"2026-10-03 02:23:42","2026-10-03 02:23:42","Aura Farming","2026-10-03 02:23:42","Complete","1 likes, 1 reels watched, 5 posts scrolled","2026-10-03 02:23:42"
"2026-10-03 02:20:13","2026-10-03 02:20:13","Aura Farming","2026-10-03 02:20:13","Started","Cycle Started, Farming Aura","2026-10-03 02:20:13"
"2026-10-03 02:19:06","2026-10-03 02:19:06","Aura Farming","2026-10-03 02:19:06","Started","Cycle Started, Farming Aura","2026-10-03 02:19:06"
"2026-10-03 02:16:52","2026-10-03 02:16:52","Aura Farming","2026-10-03 02:16:52","Started","Cycle Started, Farming Aura","2026-10-03 02:16:52"
"2026-10-03 02:13:44","2026-10-03 02:13:44","Aura Farming","2026-10-03 02:13:44","Collision Prevented","Collision Prevented","2026-10-03 02:13:44"
"2026-10-03 02:12:06","2026-10-03 02:12:06","Aura Farming","2026-10-03 02:12:06","Started","Cycle Started, Farming Aura","2026-10-03 02:12:06"
"2026-10-03 02:06:57","2026-10-03 02:06:57","Aura Farming","2026-10-03 02:06:57","Complete","No metrics recorded","2026-10-03 02:06:57"
"2026-10-03 02:04:57","2026-10-03 02:04:57","Aura Farming","2026-10-03 02:04:57","Started","Cycle Started, Farming Aura","2026-10-03 02:04:57"
"2026-10-03 02:01:54","2026-10-03 02:01:54","Aura Farming","2026-10-03 02:01:54","Complete","3 follows, 2 reels watched, 2 saved, 13 Explore scrolls","2026-10-03 02:01:54"
"2026-10-03 02:00:53","2026-10-03 02:00:53","Aura Farming","2026-10-03 02:00:53","Complete","3 likes, 2 follows, 14 reels watched, 6 saved, 1 posts scrolled, 7 Explore scrolls","2026-10-03 02:00:53"
"2026-10-03 01:55:50","2026-10-03 01:55:50","Aura Farming","2026-10-03 01:55:50","Complete","No metrics recorded","2026-10-03 01:55:50"
"2026-10-03 01:53:33","2026-10-03 01:53:33","Aura Farming","2026-10-03 01:53:33","Started","Cycle Started, Farming Aura","2026-10-03 01:53:33"
"2026-10-03 01:53:09","2026-10-03 01:53:09","Aura Farming","2026-10-03 01:53:09","Complete","2 likes, 2 follows, 1 stories watched, 1 saved, 10 posts scrolled, 8 Explore scrolls","2026-10-03 01:53:09"
"2026-10-03 01:49:09","2026-10-03 01:49:09","Aura Farming","2026-10-03 01:49:09","Started","Cycle Started, Farming Aura","2026-10-03 01:49:09"
"2026-10-03 01:42:15","2026-10-03 01:42:15","Aura Farming","2026-10-03 01:42:15","Started","Cycle Started, Farming Aura","2026-10-03 01:42:15"
"2026-10-03 01:41:12","2026-10-03 01:41:12","Aura Farming","2026-10-03 01:41:12","Complete","2 follows, 3 posts scrolled, 1 Explore scrolls","2026-10-03 01:41:12"
"2026-10-03 01:37:01","2026-10-03 01:37:01","Aura Farming","2026-10-03 01:37:01","Collision Prevented","Collision Prevented","2026-10-03 01:37:01"
"2026-10-03 01:36:07","2026-10-03 01:36:07","Aura Farming","2026-10-03 01:36:07","Complete","1 post uploaded, 5 posts scrolled, 2 Explore scrolls","2026-10-03 01:36:07"
"2026-10-03 01:34:08","2026-10-03 01:34:08","Aura Farming","2026-10-03 01:34:08","Started","Cycle Started, Farming Aura","2026-10-03 01:34:08"
"2026-10-03 01:31:19","2026-10-03 01:31:19","Aura Farming","2026-10-03 01:31:19","Started","Cycle Started, Farming Aura","2026-10-03 01:31:19"
"2026-10-03 01:30:14","2026-10-03 01:30:14","Aura Farming","2026-10-03 01:30:14","Complete","5 reels watched, 1 saved, 2 Explore scrolls","2026-10-03 01:30:14"
"2026-10-03 01:26:30","2026-10-03 01:26:30","Aura Farming","2026-10-03 01:26:30","Collision Prevented","Collision Prevented","2026-10-03 01:26:30"
"2026-10-03 01:26:29","2026-10-03 01:26:29","Aura Farming","2026-10-03 01:26:29","Started","Cycle Started, Farming Aura","2026-10-03 01:26:29"
"2026-10-03 01:25:40","2026-10-03 01:25:40","Aura Farming","2026-10-03 01:25:40","Started","Cycle Started, Farming Aura","2026-10-03 01:25:40"
"2026-10-03 01:23:16","2026-10-03 01:23:16","Aura Farming","2026-10-03 01:23:16","Complete","1 likes, 7 reels watched, 1 saved, 7 Explore scrolls","2026-10-03 01:23:16"
"2026-10-03 01:20:36","2026-10-03 01:20:36","Aura Farming","2026-10-03 01:20:36","Collision Prevented","Collision Prevented","2026-10-03 01:20:36"
"2026-10-03 01:19:31","2026-10-03 01:19:31","Aura Farming","2026-10-03 01:19:31","Collision Prevented","Collision Prevented","2026-10-03 01:19:31"
"2026-10-03 01:16:52","2026-10-03 01:16:52","Aura Farming","2026-10-03 01:16:52","Started","Cycle Started, Farming Aura","2026-10-03 01:16:52"
"2026-10-03 01:15:17","2026-10-03 01:15:17","Aura Farming","2026-10-03 01:15:17","Complete","1 follows, 3 reels watched, 11 posts scrolled, 9 Explore scrolls","2026-10-03 01:15:17"
"2026-10-03 01:14:23","2026-10-03 01:14:23","Aura Farming","2026-10-03 01:14:23","Complete","1 follows, 4 reels watched, 2 saved, 9 posts scrolled","2026-10-03 01:14:23"
"2026-10-03 01:10:54","2026-10-03 01:10:54","Aura Farming","2026-10-03 01:10:54","Collision Prevented","Collision Prevented","2026-10-03 01:10:54"
"2026-10-03 01:06:27","2026-10-03 01:06:27","Aura Farming","2026-10-03 01:06:27","Complete","No metrics recorded","2026-10-03 01:06:27"
"2026-10-03 01:05:07","2026-10-03 01:05:07","Aura Farming","2026-10-03 01:05:07","Started","Cycle Started, Farming Aura","2026-10-03 01:05:07"
"2026-10-03 01:04:58","2026-10-03 01:04:58","Aura Farming","2026-10-03 01:04:58","Complete","2 follows, 1 post uploaded, 1 saved, 11 posts scrolled, 4 Explore scrolls","2026-10-03 01:04:58"
"2026-10-03 01:04:18","2026-10-03 01:04:18","Aura Farming","2026-10-03 01:04:18","Collision Prevented","Collision Prevented","2026-10-03 01:04:18"
"2026-10-03 01:04:01","2026-10-03 01:04:01","Aura Farming","2026-10-03 01:04:01","Started","Cycle Started, Farming Aura","2026-10-03 01:04:01"
"2026-10-03 01:00:50","2026-10-03 01:00:50","Aura Farming","2026-10-03 01:00:50","Collision Prevented","Collision Prevented","2026-10-03 01:00:50"
"2026-10-03 00:59:52","2026-10-03 00:59:52","Aura Farming","2026-10-03 00:59:52","Complete","2 posts scrolled, 5 Explore scrolls","2026-10-03 00:59:52"
"2026-10-03 00:58:36","2026-10-03 00:58:36","Aura Farming","2026-10-03 00:58:36","Collision Prevented","Collision Prevented","2026-10-03 00:58:36"
"2026-10-03 00:57:14","2026-10-03 00:57:14","Aura Farming","2026-10-03 00:57:14","Started","Cycle Started, Farming Aura","2026-10-03 00:57:14"
"2026-10-03 00:55:54","2026-10-03 00:55:54","Aura Farming","2026-10-03 00:55:54","Started","Cycle Started, Farming Aura","2026-10-03 00:55:54"
"2026-10-03 00:54:37","2026-10-03 00:54:37","Aura Farming","2026-10-03 00:54:37","Started","Cycle Started, Farming Aura","2026-10-03 00:54:37"
"2026-10-03 00:44:39","2026-10-03 00:44:39","Aura Farming","2026-10-03 00:44:39","Complete","1 follows, 5 Explore scrolls","2026-10-03 00:44:39"
"2026-10-03 00:42:11","2026-10-03 00:42:11","Aura Farming","2026-10-03 00:42:11","Complete","1 likes, 1 follows, 5 reels watched, 1 saved, 2 posts scrolled","2026-10-03 00:42:11"
"2026-10-03 00:39:26","2026-10-03 00:39:26","Aura Farming","2026-10-03 00:39:26","Started","Cycle Started, Farming Aura","2026-10-03 00:39:26"
"2026-10-03 00:39:04","2026-10-03 00:39:04","Aura Farming","2026-10-03 00:39:04","Complete","1 likes, 4 reels watched, 1 saved, 12 posts scrolled, 4 Explore scrolls","2026-10-03 00:39:04"
"2026-10-03 00:37:31","2026-10-03 00:37:31","Aura Farming","2026-10-03 00:37:31","Started","Cycle Started, Farming Aura","2026-10-03 00:37:31"
"2026-10-03 00:31:44","2026-10-03 00:31:44","Aura Farming","2026-10-03 00:31:44","Started","Cycle Started, Farming Aura","2026-10-03 00:31:44"
"2026-10-02 23:36:29","2026-10-02 23:36:29","Aura Farming","2026-10-02 23:36:29","Complete","3 likes, 1 follows, 5 stories watched, 9 reels watched, 1 post uploaded, 3 saved — Cycle aborted","2026-10-02 23:36:29"
"2026-10-02 23:34:16","2026-10-02 23:34:16","Aura Farming","2026-10-02 23:34:16","Complete","1 likes, 2 follows, 2 reels watched, 1 post uploaded, 10 posts scrolled, 4 Explore scrolls","2026-10-02 23:34:16"
"2026-10-02 23:23:35","2026-10-02 23:23:35","Aura Farming","2026-10-02 23:23:35","Started","Cycle Started, Farming Aura","2026-10-02 23:23:35"
"2026-10-02 23:23:33","2026-10-02 23:23:33","Aura Farming","2026-10-02 23:23:33","Started","Cycle Started, Farming Aura","2026-10-02 23:23:33"
"2026-10-02 23:23:03","2026-10-02 23:23:03","Aura Farming","2026-10-02 23:23:03","Booted Up","Aura Farming booted up: 23:23:03 02 Oct 2026","2026-10-02 23:23:03"
"2026-10-02 23:18:08","2026-10-02 23:18:08","Aura Farming","2026-10-02 23:18:08","Complete","1 reels watched — Cycle aborted","2026-10-02 23:18:08"
"2026-10-02 23:18:05","2026-10-02 23:18:05","Aura Farming","2026-10-02 23:18:05","Complete","1 stories watched — Cycle aborted","2026-10-02 23:18:05"
"2026-10-02 23:12:55","2026-10-02 23:12:55","Aura Farming","2026-10-02 23:12:55","Started","Cycle Started, Farming Aura","2026-10-02 23:12:55"
"2026-10-02 23:12:26","2026-10-02 23:12:26","Aura Farming","2026-10-02 23:12:26","Started","Cycle Started, Farming Aura","2026-10-02 23:12:26"
"2026-10-02 23:10:52","2026-10-02 23:10:52","Aura Farming","2026-10-02 23:10:52","Complete","1 likes, 2 stories watched, 12 reels watched, 5 posts scrolled, 5 Explore scrolls","2026-10-02 23:10:52"
"2026-10-02 23:00:49","2026-10-02 23:00:49","Aura Farming","2026-10-02 23:00:49","Started","Cycle Started, Farming Aura","2026-10-02 23:00:49"
"2026-10-02 22:48:21","2026-10-02 22:48:21","Aura Farming","2026-10-02 22:48:21","Complete","2 reels watched, 1 posts scrolled, 5 Explore scrolls","2026-10-02 22:48:21"
"2026-10-02 22:42:58","2026-10-02 22:42:58","Aura Farming","2026-10-02 22:42:58","Started","Cycle Started, Farming Aura","2026-10-02 22:42:58"
"2026-10-02 22:39:19","2026-10-02 22:39:19","Aura Farming","2026-10-02 22:39:19","Complete","1 reels watched, 5 Explore scrolls","2026-10-02 22:39:19"
"2026-10-02 22:38:55","2026-10-02 22:38:55","Aura Farming","2026-10-02 22:38:55","Complete","1 post uploaded, 9 posts scrolled, 1 Explore scrolls","2026-10-02 22:38:55"
"2026-10-02 22:37:23","2026-10-02 22:37:23","Aura Farming","2026-10-02 22:37:23","Complete","3 reels watched, 2 Explore scrolls","2026-10-02 22:37:23"
"2026-10-02 22:33:29","2026-10-02 22:33:29","Aura Farming","2026-10-02 22:33:29","Started","Cycle Started, Farming Aura","2026-10-02 22:33:29"
"2026-10-02 22:32:23","2026-10-02 22:32:23","Aura Farming","2026-10-02 22:32:23","Started","Cycle Started, Farming Aura","2026-10-02 22:32:23"
"2026-10-02 22:31:44","2026-10-02 22:31:44","Aura Farming","2026-10-02 22:31:44","Started","Cycle Started, Farming Aura","2026-10-02 22:31:44"
"2026-10-02 22:28:36","2026-10-02 22:28:36","Aura Farming","2026-10-02 22:28:36","Complete","4 reels watched, 2 saved, 7 Explore scrolls","2026-10-02 22:28:36"
"2026-10-02 22:23:17","2026-10-02 22:23:17","Aura Farming","2026-10-02 22:23:17","Started","Cycle Started, Farming Aura","2026-10-02 22:23:17"
"2026-10-02 22:13:44","2026-10-02 22:13:44","Aura Farming","2026-10-02 22:13:44","Complete","2 shares, 4 posts scrolled","2026-10-02 22:13:44"
"2026-10-02 22:12:31","2026-10-02 22:12:31","Aura Farming","2026-10-02 22:12:31","Complete","1 likes, 6 reels watched, 1 post uploaded, 5 saved, 2 posts scrolled, 8 Explore scrolls","2026-10-02 22:12:31"
"2026-10-02 22:08:58","2026-10-02 22:08:58","Aura Farming","2026-10-02 22:08:58","Complete","2 reels watched","2026-10-02 22:08:58"
"2026-10-02 22:05:15","2026-10-02 22:05:15","Aura Farming","2026-10-02 22:05:15","Started","Cycle Started, Farming Aura","2026-10-02 22:05:15"
"2026-10-02 22:04:26","2026-10-02 22:04:26","Aura Farming","2026-10-02 22:04:26","Complete","12 posts scrolled","2026-10-02 22:04:26"
"2026-10-02 22:04:10","2026-10-02 22:04:10","Aura Farming","2026-10-02 22:04:10","Started","Cycle Started, Farming Aura","2026-10-02 22:04:10"
"2026-10-02 22:02:28","2026-10-02 22:02:28","Aura Farming","2026-10-02 22:02:28","Complete","2 likes, 1 saved, 10 posts scrolled, 4 Explore scrolls","2026-10-02 22:02:28"
"2026-10-02 22:01:52","2026-10-02 22:01:52","Aura Farming","2026-10-02 22:01:52","Started","Cycle Started, Farming Aura","2026-10-02 22:01:52"
"2026-10-02 22:01:04","2026-10-02 22:01:04","Aura Farming","2026-10-02 22:01:04","Started","Cycle Started, Farming Aura","2026-10-02 22:01:04"
"2026-10-02 21:54:49","2026-10-02 21:54:49","Aura Farming","2026-10-02 21:54:49","Started","Cycle Started, Farming Aura","2026-10-02 21:54:49"
"2026-10-02 20:53:29","2026-10-02 20:53:29","Aura Farming","2026-10-02 20:53:29","Booted Up","Aura Farming booted up: 20:53:29 02 Oct 2026","2026-10-02 20:53:29"
"2026-10-02 20:49:44","2026-10-02 20:49:44","Aura Farming","2026-10-02 20:49:44","Complete","1 reels watched, 1 saved, 1 posts scrolled","2026-10-02 20:49:44"
"2026-10-02 20:46:59","2026-10-02 20:46:59","Aura Farming","2026-10-02 20:46:59","Started","Cycle Started, Farming Aura","2026-10-02 20:46:59"
"2026-10-02 20:46:10","2026-10-02 20:46:10","Aura Farming","2026-10-02 20:46:10","Complete","3 reels watched, 1 shares, 1 saved, 3 posts scrolled, 3 Explore scrolls","2026-10-02 20:46:10"
"2026-10-02 20:40:47","2026-10-02 20:40:47","Aura Farming","2026-10-02 20:40:47","Started","Cycle Started, Farming Aura","2026-10-02 20:40:47"
"2026-10-02 20:39:13","2026-10-02 20:39:13","Aura Farming","2026-10-02 20:39:13","Complete","1 likes, 11 reels watched, 8 posts scrolled","2026-10-02 20:39:13"
"2026-10-02 20:34:08","2026-10-02 20:34:08","Aura Farming","2026-10-02 20:34:08","Collision Prevented","Collision Prevented","2026-10-02 20:34:08"
"2026-10-02 20:32:01","2026-10-02 20:32:01","Aura Farming","2026-10-02 20:32:01","Complete","3 reels watched, 1 shares, 8 posts scrolled, 1 Explore scrolls","2026-10-02 20:32:01"
"2026-10-02 20:31:10","2026-10-02 20:31:10","Aura Farming","2026-10-02 20:31:10","Started","Cycle Started, Farming Aura","2026-10-02 20:31:10"
"2026-10-02 20:26:24","2026-10-02 20:26:24","Aura Farming","2026-10-02 20:26:24","Started","Cycle Started, Farming Aura","2026-10-02 20:26:24"
"2026-10-02 20:25:20","2026-10-02 20:25:20","Aura Farming","2026-10-02 20:25:20","Collision Prevented","Collision Prevented","2026-10-02 20:25:20"
"2026-10-02 20:24:39","2026-10-02 20:24:39","Aura Farming","2026-10-02 20:24:39","Complete","1 likes, 4 reels watched, 4 posts scrolled, 3 Explore scrolls","2026-10-02 20:24:39"
"2026-10-02 20:19:01","2026-10-02 20:19:01","Aura Farming","2026-10-02 20:19:01","Started","Cycle Started, Farming Aura","2026-10-02 20:19:01"
"2026-10-02 20:14:59","2026-10-02 20:14:59","Aura Farming","2026-10-02 20:14:59","Complete","1 likes, 2 stories watched, 2 reels watched, 1 posts scrolled, 1 Explore scrolls","2026-10-02 20:14:59"
"2026-10-02 20:12:56","2026-10-02 20:12:56","Aura Farming","2026-10-02 20:12:56","Collision Prevented","Collision Prevented","2026-10-02 20:12:56"
"2026-10-02 20:11:35","2026-10-02 20:11:35","Aura Farming","2026-10-02 20:11:35","Complete","2 likes, 3 saved, 6 posts scrolled, 19 Explore scrolls","2026-10-02 20:11:35"
"2026-10-02 20:09:43","2026-10-02 20:09:43","Aura Farming","2026-10-02 20:09:43","Started","Cycle Started, Farming Aura","2026-10-02 20:09:43"
"2026-10-02 20:07:43","2026-10-02 20:07:43","Aura Farming","2026-10-02 20:07:43","Complete","2 likes, 4 reels watched, 1 saved, 1 posts scrolled, 2 Explore scrolls","2026-10-02 20:07:43"
"2026-10-02 20:02:15","2026-10-02 20:02:15","Aura Farming","2026-10-02 20:02:15","Started","Cycle Started, Farming Aura","2026-10-02 20:02:15"
"2026-10-02 19:58:00","2026-10-02 19:58:00","Aura Farming","2026-10-02 19:58:00","Complete","1 likes, 1 saved, 4 posts scrolled, 4 Explore scrolls","2026-10-02 19:58:00"
"2026-10-02 19:55:58","2026-10-02 19:55:58","Aura Farming","2026-10-02 19:55:58","Started","Cycle Started, Farming Aura","2026-10-02 19:55:58"
"2026-10-02 19:53:12","2026-10-02 19:53:12","Aura Farming","2026-10-02 19:53:12","Started","Cycle Started, Farming Aura","2026-10-02 19:53:12"
"2026-10-02 18:49:29","2026-10-02 18:49:29","Aura Farming","2026-10-02 18:49:29","Booted Up","Aura Farming booted up: 18:49:29 02 Oct 2026","2026-10-02 18:49:29"
"2026-10-02 18:38:05","2026-10-02 18:38:05","Aura Farming","2026-10-02 18:38:05","Complete","No metrics recorded","2026-10-02 18:38:05"
"2026-10-02 18:37:50","2026-10-02 18:37:50","Aura Farming","2026-10-02 18:37:50","Collision Prevented","Collision Prevented","2026-10-02 18:37:50"
"2026-10-02 18:35:43","2026-10-02 18:35:43","Aura Farming","2026-10-02 18:35:43","Started","Cycle Started, Farming Aura","2026-10-02 18:35:43"
"2026-10-02 18:35:29","2026-10-02 18:35:29","Aura Farming","2026-10-02 18:35:29","Collision Prevented","Collision Prevented","2026-10-02 18:35:29"
"2026-10-02 18:33:21","2026-10-02 18:33:21","Aura Farming","2026-10-02 18:33:21","Collision Prevented","Collision Prevented","2026-10-02 18:33:21"
"2026-10-02 18:32:39","2026-10-02 18:32:39","Aura Farming","2026-10-02 18:32:39","Complete","1 posts scrolled, 2 Explore scrolls","2026-10-02 18:32:39"
"2026-10-02 18:30:40","2026-10-02 18:30:40","Aura Farming","2026-10-02 18:30:40","Started","Cycle Started, Farming Aura","2026-10-02 18:30:40"
"2026-10-02 18:30:18","2026-10-02 18:30:18","Aura Farming","2026-10-02 18:30:18","Complete","7 posts scrolled, 12 Explore scrolls","2026-10-02 18:30:18"
"2026-10-02 18:23:11","2026-10-02 18:23:11","Aura Farming","2026-10-02 18:23:11","Started","Cycle Started, Farming Aura","2026-10-02 18:23:11"
"2026-10-02 18:19:42","2026-10-02 18:19:42","Aura Farming","2026-10-02 18:19:42","Collision Prevented","Collision Prevented","2026-10-02 18:19:42"
"2026-10-02 18:19:26","2026-10-02 18:19:26","Aura Farming","2026-10-02 18:19:26","Complete","1 saved, 3 posts scrolled, 4 Explore scrolls","2026-10-02 18:19:26"
"2026-10-02 18:19:13","2026-10-02 18:19:13","Aura Farming","2026-10-02 18:19:13","Complete","9 reels watched, 2 saved, 6 posts scrolled, 1 Explore scrolls","2026-10-02 18:19:13"
"2026-10-02 18:16:49","2026-10-02 18:16:49","Aura Farming","2026-10-02 18:16:49","Collision Prevented","Collision Prevented","2026-10-02 18:16:49"
"2026-10-02 18:15:43","2026-10-02 18:15:43","Aura Farming","2026-10-02 18:15:43","Started","Cycle Started, Farming Aura","2026-10-02 18:15:43"
"2026-10-02 18:15:21","2026-10-02 18:15:21","Aura Farming","2026-10-02 18:15:21","Collision Prevented","Collision Prevented","2026-10-02 18:15:21"
"2026-10-02 18:15:15","2026-10-02 18:15:15","Aura Farming","2026-10-02 18:15:15","Collision Prevented","Collision Prevented","2026-10-02 18:15:15"
"2026-10-02 18:15:01","2026-10-02 18:15:01","Aura Farming","2026-10-02 18:15:01","Collision Prevented","Collision Prevented","2026-10-02 18:15:01"
"2026-10-02 18:11:09","2026-10-02 18:11:09","Aura Farming","2026-10-02 18:11:09","Complete","1 reels watched","2026-10-02 18:11:09"
"2026-10-02 18:10:05","2026-10-02 18:10:05","Aura Farming","2026-10-02 18:10:05","Started","Cycle Started, Farming Aura","2026-10-02 18:10:05"
"2026-10-02 18:09:37","2026-10-02 18:09:37","Aura Farming","2026-10-02 18:09:37","Collision Prevented","Collision Prevented","2026-10-02 18:09:37"
"2026-10-02 18:08:08","2026-10-02 18:08:08","Aura Farming","2026-10-02 18:08:08","Started","Cycle Started, Farming Aura","2026-10-02 18:08:08"
"2026-10-02 18:06:05","2026-10-02 18:06:05","Aura Farming","2026-10-02 18:06:05","Complete","1 likes, 3 reels watched, 6 posts scrolled","2026-10-02 18:06:05"
"2026-10-02 18:01:04","2026-10-02 18:01:04","Aura Farming","2026-10-02 18:01:04","Started","Cycle Started, Farming Aura","2026-10-02 18:01:04"
"2026-10-02 17:54:02","2026-10-02 17:54:02","Aura Farming","2026-10-02 17:54:02","Collision Prevented","Collision Prevented","2026-10-02 17:54:02"
"2026-10-02 17:53:05","2026-10-02 17:53:05","Aura Farming","2026-10-02 17:53:05","Collision Prevented","Collision Prevented","2026-10-02 17:53:05"
"2026-10-02 17:52:05","2026-10-02 17:52:05","Aura Farming","2026-10-02 17:52:05","Collision Prevented","Collision Prevented","2026-10-02 17:52:05"
"2026-10-02 17:47:02","2026-10-02 17:47:02","Aura Farming","2026-10-02 17:47:02","Complete","2 likes, 2 reels watched, 1 post uploaded, 1 shares, 2 saved, 9 posts scrolled, 8 Explore scrolls","2026-10-02 17:47:02"
"2026-10-02 17:46:30","2026-10-02 17:46:30","Aura Farming","2026-10-02 17:46:30","Collision Prevented","Collision Prevented","2026-10-02 17:46:30"
"2026-10-02 17:43:29","2026-10-02 17:43:29","Aura Farming","2026-10-02 17:43:29","Complete","2 stories watched, 8 reels watched, 2 saved, 2 posts scrolled, 5 Explore scrolls","2026-10-02 17:43:29"
"2026-10-02 17:38:51","2026-10-02 17:38:51","Aura Farming","2026-10-02 17:38:51","Collision Prevented","Collision Prevented","2026-10-02 17:38:51"
"2026-10-02 17:35:51","2026-10-02 17:35:51","Aura Farming","2026-10-02 17:35:51","Started","Cycle Started, Farming Aura","2026-10-02 17:35:51"
"2026-10-02 17:35:18","2026-10-02 17:35:18","Aura Farming","2026-10-02 17:35:18","Started","Cycle Started, Farming Aura","2026-10-02 17:35:18"
"2026-10-02 17:33:34","2026-10-02 17:33:34","Aura Farming","2026-10-02 17:33:34","Collision Prevented","Collision Prevented","2026-10-02 17:33:34"
"2026-10-02 17:33:25","2026-10-02 17:33:25","Aura Farming","2026-10-02 17:33:25","Collision Prevented","Collision Prevented","2026-10-02 17:33:25"
"2026-10-02 17:31:34","2026-10-02 17:31:34","Aura Farming","2026-10-02 17:31:34","Collision Prevented","Collision Prevented","2026-10-02 17:31:34"
"2026-10-02 17:29:07","2026-10-02 17:29:07","Aura Farming","2026-10-02 17:29:07","Collision Prevented","Collision Prevented","2026-10-02 17:29:07"
"2026-10-02 17:24:28","2026-10-02 17:24:28","Aura Farming","2026-10-02 17:24:28","Collision Prevented","Collision Prevented","2026-10-02 17:24:28"
"2026-10-02 17:20:47","2026-10-02 17:20:47","Aura Farming","2026-10-02 17:20:47","Collision Prevented","Collision Prevented","2026-10-02 17:20:47"
"2026-10-02 17:20:10","2026-10-02 17:20:10","Aura Farming","2026-10-02 17:20:10","Collision Prevented","Collision Prevented","2026-10-02 17:20:10"
"2026-10-02 17:20:08","2026-10-02 17:20:08","Aura Farming","2026-10-02 17:20:08","Complete","10 Explore scrolls","2026-10-02 17:20:08"
"2026-10-02 17:19:43","2026-10-02 17:19:43","Aura Farming","2026-10-02 17:19:43","Complete","1 likes, 4 reels watched, 3 saved, 3 Explore scrolls","2026-10-02 17:19:43"
"2026-10-02 17:17:01","2026-10-02 17:17:01","Aura Farming","2026-10-02 17:17:01","Collision Prevented","Collision Prevented","2026-10-02 17:17:01"
"2026-10-02 17:15:53","2026-10-02 17:15:53","Aura Farming","2026-10-02 17:15:53","Started","Cycle Started, Farming Aura","2026-10-02 17:15:53"
"2026-10-02 17:13:33","2026-10-02 17:13:33","Aura Farming","2026-10-02 17:13:33","Started","Cycle Started, Farming Aura","2026-10-02 17:13:33"
"2026-10-02 17:10:58","2026-10-02 17:10:58","Aura Farming","2026-10-02 17:10:58","Collision Prevented","Collision Prevented","2026-10-02 17:10:58"
"2026-10-02 17:10:40","2026-10-02 17:10:40","Aura Farming","2026-10-02 17:10:40","Complete","5 Explore scrolls","2026-10-02 17:10:40"
"2026-10-02 17:04:51","2026-10-02 17:04:51","Aura Farming","2026-10-02 17:04:51","Collision Prevented","Collision Prevented","2026-10-02 17:04:51"
"2026-10-02 17:04:22","2026-10-02 17:04:22","Aura Farming","2026-10-02 17:04:22","Complete","2 reels watched, 2 saved, 7 posts scrolled, 2 Explore scrolls","2026-10-02 17:04:22"
"2026-10-02 17:03:33","2026-10-02 17:03:33","Aura Farming","2026-10-02 17:03:33","Started","Cycle Started, Farming Aura","2026-10-02 17:03:33"
"2026-10-02 17:00:45","2026-10-02 17:00:45","Aura Farming","2026-10-02 17:00:45","Started","Cycle Started, Farming Aura","2026-10-02 17:00:45"
"2026-10-02 16:56:53","2026-10-02 16:56:53","Aura Farming","2026-10-02 16:56:53","Complete","1 reels watched, 2 saved, 4 posts scrolled, 19 Explore scrolls","2026-10-02 16:56:53"
"2026-10-02 16:54:23","2026-10-02 16:54:23","Aura Farming","2026-10-02 16:54:23","Collision Prevented","Collision Prevented","2026-10-02 16:54:23"
"2026-10-02 16:54:10","2026-10-02 16:54:10","Aura Farming","2026-10-02 16:54:10","Complete","2 reels watched, 2 posts scrolled, 1 Explore scrolls","2026-10-02 16:54:10"
"2026-10-02 16:53:17","2026-10-02 16:53:17","Aura Farming","2026-10-02 16:53:17","Complete","1 likes, 11 reels watched, 8 posts scrolled, 8 Explore scrolls","2026-10-02 16:53:17"
"2026-10-02 16:51:06","2026-10-02 16:51:06","Aura Farming","2026-10-02 16:51:06","Collision Prevented","Collision Prevented","2026-10-02 16:51:06"
"2026-10-02 16:50:21","2026-10-02 16:50:21","Aura Farming","2026-10-02 16:50:21","Started","Cycle Started, Farming Aura","2026-10-02 16:50:21"
"2026-10-02 16:48:44","2026-10-02 16:48:44","Aura Farming","2026-10-02 16:48:44","Collision Prevented","Collision Prevented","2026-10-02 16:48:44"
"2026-10-02 16:47:26","2026-10-02 16:47:26","Aura Farming","2026-10-02 16:47:26","Started","Cycle Started, Farming Aura","2026-10-02 16:47:26"
"2026-10-02 16:46:44","2026-10-02 16:46:44","Aura Farming","2026-10-02 16:46:44","Complete","3 posts scrolled, 2 Explore scrolls","2026-10-02 16:46:44"
"2026-10-02 16:45:46","2026-10-02 16:45:46","Aura Farming","2026-10-02 16:45:46","Started","Cycle Started, Farming Aura","2026-10-02 16:45:46"
"2026-10-02 16:43:41","2026-10-02 16:43:41","Aura Farming","2026-10-02 16:43:41","Started","Cycle Started, Farming Aura","2026-10-02 16:43:41"
"2026-10-02 16:43:17","2026-10-02 16:43:17","Aura Farming","2026-10-02 16:43:17","Collision Prevented","Collision Prevented","2026-10-02 16:43:17"
"2026-10-02 16:42:20","2026-10-02 16:42:20","Aura Farming","2026-10-02 16:42:20","Collision Prevented","Collision Prevented","2026-10-02 16:42:20"
"2026-10-02 16:39:34","2026-10-02 16:39:34","Aura Farming","2026-10-02 16:39:34","Complete","2 likes, 11 reels watched, 2 saved, 6 posts scrolled, 7 Explore scrolls","2026-10-02 16:39:34"
"2026-10-02 16:37:27","2026-10-02 16:37:27","Aura Farming","2026-10-02 16:37:27","Collision Prevented","Collision Prevented","2026-10-02 16:37:27"
"2026-10-02 16:32:09","2026-10-02 16:32:09","Aura Farming","2026-10-02 16:32:09","Started","Cycle Started, Farming Aura","2026-10-02 16:32:09"
"2026-10-02 16:30:50","2026-10-02 16:30:50","Aura Farming","2026-10-02 16:30:50","Complete","No metrics recorded","2026-10-02 16:30:50"
"2026-10-02 16:28:47","2026-10-02 16:28:47","Aura Farming","2026-10-02 16:28:47","Started","Cycle Started, Farming Aura","2026-10-02 16:28:47"
"2026-10-02 16:27:13","2026-10-02 16:27:13","Aura Farming","2026-10-02 16:27:13","Complete","7 reels watched, 2 saved, 2 posts scrolled, 2 Explore scrolls","2026-10-02 16:27:13"
"2026-10-02 16:23:30","2026-10-02 16:23:30","Aura Farming","2026-10-02 16:23:30","Collision Prevented","Collision Prevented","2026-10-02 16:23:30"
"2026-10-02 16:22:40","2026-10-02 16:22:40","Aura Farming","2026-10-02 16:22:40","Collision Prevented","Collision Prevented","2026-10-02 16:22:40"
"2026-10-02 16:22:35","2026-10-02 16:22:35","Aura Farming","2026-10-02 16:22:35","Collision Prevented","Collision Prevented","2026-10-02 16:22:35"
"2026-10-02 16:18:54","2026-10-02 16:18:54","Aura Farming","2026-10-02 16:18:54","Started","Cycle Started, Farming Aura","2026-10-02 16:18:54"
"2026-10-02 16:10:46","2026-10-02 16:10:46","Aura Farming","2026-10-02 16:10:46","Complete","1 reels watched, 1 shares, 1 saved, 8 posts scrolled","2026-10-02 16:10:46"
"2026-10-02 16:07:34","2026-10-02 16:07:34","Aura Farming","2026-10-02 16:07:34","Complete","1 likes, 2 shares, 2 posts scrolled, 14 Explore scrolls","2026-10-02 16:07:34"
"2026-10-02 16:06:40","2026-10-02 16:06:40","Aura Farming","2026-10-02 16:06:40","Complete","1 likes, 1 reels watched, 3 Explore scrolls","2026-10-02 16:06:40"
"2026-10-02 16:06:03","2026-10-02 16:06:03","Aura Farming","2026-10-02 16:06:03","Collision Prevented","Collision Prevented","2026-10-02 16:06:03"
"2026-10-02 16:05:51","2026-10-02 16:05:51","Aura Farming","2026-10-02 16:05:51","Started","Cycle Started, Farming Aura","2026-10-02 16:05:51"
"2026-10-02 16:05:32","2026-10-02 16:05:32","Aura Farming","2026-10-02 16:05:32","Collision Prevented","Collision Prevented","2026-10-02 16:05:32"
"2026-10-02 16:05:14","2026-10-02 16:05:14","Aura Farming","2026-10-02 16:05:14","Collision Prevented","Collision Prevented","2026-10-02 16:05:14"
"2026-10-02 16:04:07","2026-10-02 16:04:07","Aura Farming","2026-10-02 16:04:07","Collision Prevented","Collision Prevented","2026-10-02 16:04:07"
"2026-10-02 16:03:03","2026-10-02 16:03:03","Aura Farming","2026-10-02 16:03:03","Complete","4 reels watched, 7 posts scrolled","2026-10-02 16:03:03"
"2026-10-02 16:02:30","2026-10-02 16:02:30","Aura Farming","2026-10-02 16:02:30","Started","Cycle Started, Farming Aura","2026-10-02 16:02:30"
"2026-10-02 16:00:02","2026-10-02 16:00:02","Aura Farming","2026-10-02 16:00:02","Started","Cycle Started, Farming Aura","2026-10-02 16:00:02"
"2026-10-02 15:59:45","2026-10-02 15:59:45","Aura Farming","2026-10-02 15:59:45","Collision Prevented","Collision Prevented","2026-10-02 15:59:45"
"2026-10-02 15:57:12","2026-10-02 15:57:12","Aura Farming","2026-10-02 15:57:12","Started","Cycle Started, Farming Aura","2026-10-02 15:57:12"
"2026-10-02 15:52:22","2026-10-02 15:52:22","Aura Farming","2026-10-02 15:52:22","Collision Prevented","Collision Prevented","2026-10-02 15:52:22"
"2026-10-02 15:50:10","2026-10-02 15:50:10","Aura Farming","2026-10-02 15:50:10","Collision Prevented","Collision Prevented","2026-10-02 15:50:10"
"2026-10-02 15:46:24","2026-10-02 15:46:24","Aura Farming","2026-10-02 15:46:24","Collision Prevented","Collision Prevented","2026-10-02 15:46:24"
"2026-10-02 15:46:12","2026-10-02 15:46:12","Aura Farming","2026-10-02 15:46:12","Collision Prevented","Collision Prevented","2026-10-02 15:46:12"
"2026-10-02 15:45:50","2026-10-02 15:45:50","Aura Farming","2026-10-02 15:45:50","Collision Prevented","Collision Prevented","2026-10-02 15:45:50"
"2026-10-02 15:44:26","2026-10-02 15:44:26","Aura Farming","2026-10-02 15:44:26","Collision Prevented","Collision Prevented","2026-10-02 15:44:26"
"2026-10-02 15:41:05","2026-10-02 15:41:05","Aura Farming","2026-10-02 15:41:05","Complete","No metrics recorded","2026-10-02 15:41:05"
"2026-10-02 15:40:09","2026-10-02 15:40:09","Aura Farming","2026-10-02 15:40:09","Complete","1 posts scrolled, 12 Explore scrolls","2026-10-02 15:40:09"
"2026-10-02 15:39:56","2026-10-02 15:39:56","Aura Farming","2026-10-02 15:39:56","Collision Prevented","Collision Prevented","2026-10-02 15:39:56"
"2026-10-02 15:39:43","2026-10-02 15:39:43","Aura Farming","2026-10-02 15:39:43","Complete","2 posts scrolled, 3 Explore scrolls","2026-10-02 15:39:43"
"2026-10-02 15:39:35","2026-10-02 15:39:35","Aura Farming","2026-10-02 15:39:35","Started","Cycle Started, Farming Aura","2026-10-02 15:39:35"
"2026-10-02 15:39:35","2026-10-02 15:39:35","Aura Farming","2026-10-02 15:39:35","Complete","2 reels watched, 2 saved, 4 posts scrolled","2026-10-02 15:39:35"
"2026-10-02 15:37:46","2026-10-02 15:37:46","Aura Farming","2026-10-02 15:37:46","Complete","2 likes, 6 reels watched, 3 Explore scrolls","2026-10-02 15:37:46"
"2026-10-02 15:36:22","2026-10-02 15:36:22","Aura Farming","2026-10-02 15:36:22","Started","Cycle Started, Farming Aura","2026-10-02 15:36:22"
"2026-10-02 15:34:36","2026-10-02 15:34:36","Aura Farming","2026-10-02 15:34:36","Started","Cycle Started, Farming Aura","2026-10-02 15:34:36"
"2026-10-02 15:34:27","2026-10-02 15:34:27","Aura Farming","2026-10-02 15:34:27","Started","Cycle Started, Farming Aura","2026-10-02 15:34:27"
"2026-10-02 15:32:44","2026-10-02 15:32:44","Aura Farming","2026-10-02 15:32:44","Started","Cycle Started, Farming Aura","2026-10-02 15:32:44"
"2026-10-02 15:26:12","2026-10-02 15:26:12","Aura Farming","2026-10-02 15:26:12","Complete","2 posts scrolled, 1 Explore scrolls","2026-10-02 15:26:12"
"2026-10-02 15:26:05","2026-10-02 15:26:05","Aura Farming","2026-10-02 15:26:05","Complete","1 reels watched, 7 Explore scrolls","2026-10-02 15:26:05"
"2026-10-02 15:25:30","2026-10-02 15:25:30","Aura Farming","2026-10-02 15:25:30","Collision Prevented","Collision Prevented","2026-10-02 15:25:30"
"2026-10-02 15:24:11","2026-10-02 15:24:11","Aura Farming","2026-10-02 15:24:11","Collision Prevented","Collision Prevented","2026-10-02 15:24:11"
"2026-10-02 15:23:22","2026-10-02 15:23:22","Aura Farming","2026-10-02 15:23:22","Started","Cycle Started, Farming Aura","2026-10-02 15:23:22"
"2026-10-02 15:22:52","2026-10-02 15:22:52","Aura Farming","2026-10-02 15:22:52","Started","Cycle Started, Farming Aura","2026-10-02 15:22:52"
"2026-10-02 15:15:43","2026-10-02 15:15:43","Aura Farming","2026-10-02 15:15:43","Complete","3 likes, 2 shares, 15 posts scrolled, 7 Explore scrolls","2026-10-02 15:15:43"
"2026-10-02 15:10:21","2026-10-02 15:10:21","Aura Farming","2026-10-02 15:10:21","Complete","1 likes, 8 Explore scrolls","2026-10-02 15:10:21"
"2026-10-02 15:08:33","2026-10-02 15:08:33","Aura Farming","2026-10-02 15:08:33","Collision Prevented","Collision Prevented","2026-10-02 15:08:33"
"2026-10-02 15:05:08","2026-10-02 15:05:08","Aura Farming","2026-10-02 15:05:08","Started","Cycle Started, Farming Aura","2026-10-02 15:05:08"
"2026-10-02 15:03:00","2026-10-02 15:03:00","Aura Farming","2026-10-02 15:03:00","Started","Cycle Started, Farming Aura","2026-10-02 15:03:00"
"2026-10-02 15:02:42","2026-10-02 15:02:42","Aura Farming","2026-10-02 15:02:42","Collision Prevented","Collision Prevented","2026-10-02 15:02:42"
"2026-10-02 15:01:20","2026-10-02 15:01:20","Aura Farming","2026-10-02 15:01:20","Collision Prevented","Collision Prevented","2026-10-02 15:01:20"
"2026-10-02 14:59:25","2026-10-02 14:59:25","Aura Farming","2026-10-02 14:59:25","Collision Prevented","Collision Prevented","2026-10-02 14:59:25"
"2026-10-02 14:56:12","2026-10-02 14:56:12","Aura Farming","2026-10-02 14:56:12","Collision Prevented","Collision Prevented","2026-10-02 14:56:12"
"2026-10-02 14:52:30","2026-10-02 14:52:30","Aura Farming","2026-10-02 14:52:30","Collision Prevented","Collision Prevented","2026-10-02 14:52:30"
"2026-10-02 14:50:23","2026-10-02 14:50:23","Aura Farming","2026-10-02 14:50:23","Collision Prevented","Collision Prevented","2026-10-02 14:50:23"
"2026-10-02 14:47:04","2026-10-02 14:47:04","Aura Farming","2026-10-02 14:47:04","Collision Prevented","Collision Prevented","2026-10-02 14:47:04"
"2026-10-02 14:45:24","2026-10-02 14:45:24","Aura Farming","2026-10-02 14:45:24","Complete","1 reels watched, 12 Explore scrolls","2026-10-02 14:45:24"
"2026-10-02 14:44:39","2026-10-02 14:44:39","Aura Farming","2026-10-02 14:44:39","Collision Prevented","Collision Prevented","2026-10-02 14:44:39"
"2026-10-02 14:43:02","2026-10-02 14:43:02","Aura Farming","2026-10-02 14:43:02","Complete","3 likes, 5 reels watched, 1 shares, 3 saved, 15 posts scrolled, 5 Explore scrolls","2026-10-02 14:43:02"
"2026-10-02 14:42:39","2026-10-02 14:42:39","Aura Farming","2026-10-02 14:42:39","Collision Prevented","Collision Prevented","2026-10-02 14:42:39"
"2026-10-02 14:42:03","2026-10-02 14:42:03","Aura Farming","2026-10-02 14:42:03","Collision Prevented","Collision Prevented","2026-10-02 14:42:03"
"2026-10-02 14:39:58","2026-10-02 14:39:58","Aura Farming","2026-10-02 14:39:58","Started","Cycle Started, Farming Aura","2026-10-02 14:39:58"
"2026-10-02 14:39:37","2026-10-02 14:39:37","Aura Farming","2026-10-02 14:39:37","Collision Prevented","Collision Prevented","2026-10-02 14:39:37"
"2026-10-02 14:39:24","2026-10-02 14:39:24","Aura Farming","2026-10-02 14:39:24","Collision Prevented","Collision Prevented","2026-10-02 14:39:24"
"2026-10-02 14:39:16","2026-10-02 14:39:16","Aura Farming","2026-10-02 14:39:16","Collision Prevented","Collision Prevented","2026-10-02 14:39:16"
"2026-10-02 14:30:52","2026-10-02 14:30:52","Aura Farming","2026-10-02 14:30:52","Complete","2 posts scrolled","2026-10-02 14:30:52"
"2026-10-02 14:28:52","2026-10-02 14:28:52","Aura Farming","2026-10-02 14:28:52","Started","Cycle Started, Farming Aura","2026-10-02 14:28:52"
"2026-10-02 14:27:03","2026-10-02 14:27:03","Aura Farming","2026-10-02 14:27:03","Started","Cycle Started, Farming Aura","2026-10-02 14:27:03"
"2026-10-02 14:24:15","2026-10-02 14:24:15","Aura Farming","2026-10-02 14:24:15","Collision Prevented","Collision Prevented","2026-10-02 14:24:15"
"2026-10-02 14:20:55","2026-10-02 14:20:55","Aura Farming","2026-10-02 14:20:55","Collision Prevented","Collision Prevented","2026-10-02 14:20:55"
"2026-10-02 14:19:06","2026-10-02 14:19:06","Aura Farming","2026-10-02 14:19:06","Complete","4 posts scrolled","2026-10-02 14:19:06"
"2026-10-02 14:16:34","2026-10-02 14:16:34","Aura Farming","2026-10-02 14:16:34","Collision Prevented","Collision Prevented","2026-10-02 14:16:34"
"2026-10-02 14:15:24","2026-10-02 14:15:24","Aura Farming","2026-10-02 14:15:24","Complete","1 stories watched, 6 reels watched, 2 saved, 16 posts scrolled, 4 Explore scrolls","2026-10-02 14:15:24"
"2026-10-02 14:13:54","2026-10-02 14:13:54","Aura Farming","2026-10-02 14:13:54","Started","Cycle Started, Farming Aura","2026-10-02 14:13:54"
"2026-10-02 14:11:50","2026-10-02 14:11:50","Aura Farming","2026-10-02 14:11:50","Complete","1 shares, 3 posts scrolled","2026-10-02 14:11:50"
"2026-10-02 14:06:53","2026-10-02 14:06:53","Aura Farming","2026-10-02 14:06:53","Collision Prevented","Collision Prevented","2026-10-02 14:06:53"
"2026-10-02 14:06:52","2026-10-02 14:06:52","Aura Farming","2026-10-02 14:06:52","Started","Cycle Started, Farming Aura","2026-10-02 14:06:52"
"2026-10-02 14:05:24","2026-10-02 14:05:24","Aura Farming","2026-10-02 14:05:24","Started","Cycle Started, Farming Aura","2026-10-02 14:05:24"
"2026-10-02 14:04:39","2026-10-02 14:04:39","Aura Farming","2026-10-02 14:04:39","Complete","11 reels watched","2026-10-02 14:04:39"
"2026-10-02 13:58:08","2026-10-02 13:58:08","Aura Farming","2026-10-02 13:58:08","Complete","4 reels watched","2026-10-02 13:58:08"
"2026-10-02 13:57:15","2026-10-02 13:57:15","Aura Farming","2026-10-02 13:57:15","Started","Cycle Started, Farming Aura","2026-10-02 13:57:15"
"2026-10-02 13:54:18","2026-10-02 13:54:18","Aura Farming","2026-10-02 13:54:18","Started","Cycle Started, Farming Aura","2026-10-02 13:54:18"
"2026-10-02 13:53:25","2026-10-02 13:53:25","Aura Farming","2026-10-02 13:53:25","Complete","No metrics recorded","2026-10-02 13:53:25"
"2026-10-02 13:51:18","2026-10-02 13:51:18","Aura Farming","2026-10-02 13:51:18","Started","Cycle Started, Farming Aura","2026-10-02 13:51:18"
"2026-10-02 13:49:34","2026-10-02 13:49:34","Aura Farming","2026-10-02 13:49:34","Collision Prevented","Collision Prevented","2026-10-02 13:49:34"
"2026-10-02 13:47:00","2026-10-02 13:47:00","Aura Farming","2026-10-02 13:47:00","Complete","3 shares, 1 saved, 6 posts scrolled, 10 Explore scrolls","2026-10-02 13:47:00"
"2026-10-02 13:40:39","2026-10-02 13:40:39","Aura Farming","2026-10-02 13:40:39","Collision Prevented","Collision Prevented","2026-10-02 13:40:39"
"2026-10-02 13:37:39","2026-10-02 13:37:39","Aura Farming","2026-10-02 13:37:39","Complete","1 likes, 2 stories watched, 7 reels watched, 1 saved, 6 posts scrolled, 7 Explore scrolls","2026-10-02 13:37:39"
"2026-10-02 13:36:43","2026-10-02 13:36:43","Aura Farming","2026-10-02 13:36:43","Started","Cycle Started, Farming Aura","2026-10-02 13:36:43"
"2026-10-02 13:35:37","2026-10-02 13:35:37","Aura Farming","2026-10-02 13:35:37","Complete","1 saved, 12 posts scrolled","2026-10-02 13:35:37"
"2026-10-02 13:34:47","2026-10-02 13:34:47","Aura Farming","2026-10-02 13:34:47","Complete","5 posts scrolled, 1 Explore scrolls","2026-10-02 13:34:47"
"2026-10-02 13:30:17","2026-10-02 13:30:17","Aura Farming","2026-10-02 13:30:17","Collision Prevented","Collision Prevented","2026-10-02 13:30:17"
"2026-10-02 13:30:05","2026-10-02 13:30:05","Aura Farming","2026-10-02 13:30:05","Started","Cycle Started, Farming Aura","2026-10-02 13:30:05"
"2026-10-02 13:28:45","2026-10-02 13:28:45","Aura Farming","2026-10-02 13:28:45","Started","Cycle Started, Farming Aura","2026-10-02 13:28:45"
"2026-10-02 13:28:24","2026-10-02 13:28:24","Aura Farming","2026-10-02 13:28:24","Started","Cycle Started, Farming Aura","2026-10-02 13:28:24"
"2026-10-02 13:19:28","2026-10-02 13:19:28","Aura Farming","2026-10-02 13:19:28","Complete","1 likes, 1 reels watched, 2 shares, 1 saved, 8 posts scrolled, 4 Explore scrolls","2026-10-02 13:19:28"
"2026-10-02 13:14:39","2026-10-02 13:14:39","Aura Farming","2026-10-02 13:14:39","Complete","9 posts scrolled, 7 Explore scrolls","2026-10-02 13:14:39"
"2026-10-02 13:11:06","2026-10-02 13:11:06","Aura Farming","2026-10-02 13:11:06","Collision Prevented","Collision Prevented","2026-10-02 13:11:06"
"2026-10-02 13:10:45","2026-10-02 13:10:45","Aura Farming","2026-10-02 13:10:45","Started","Cycle Started, Farming Aura","2026-10-02 13:10:45"
"2026-10-02 13:10:09","2026-10-02 13:10:09","Aura Farming","2026-10-02 13:10:09","Complete","2 likes, 5 reels watched, 1 saved, 1 posts scrolled, 1 Explore scrolls","2026-10-02 13:10:09"
"2026-10-02 13:09:33","2026-10-02 13:09:33","Aura Farming","2026-10-02 13:09:33","Started","Cycle Started, Farming Aura","2026-10-02 13:09:33"
"2026-10-02 13:08:34","2026-10-02 13:08:34","Aura Farming","2026-10-02 13:08:34","Collision Prevented","Collision Prevented","2026-10-02 13:08:34"
"2026-10-02 13:07:26","2026-10-02 13:07:26","Aura Farming","2026-10-02 13:07:26","Collision Prevented","Collision Prevented","2026-10-02 13:07:26"
"2026-10-02 13:06:42","2026-10-02 13:06:42","Aura Farming","2026-10-02 13:06:42","Started","Cycle Started, Farming Aura","2026-10-02 13:06:42"
"2026-10-02 13:06:09","2026-10-02 13:06:09","Aura Farming","2026-10-02 13:06:09","Collision Prevented","Collision Prevented","2026-10-02 13:06:09"
"2026-10-02 12:59:29","2026-10-02 12:59:29","Aura Farming","2026-10-02 12:59:29","Collision Prevented","Collision Prevented","2026-10-02 12:59:29"
"2026-10-02 12:56:22","2026-10-02 12:56:22","Aura Farming","2026-10-02 12:56:22","Collision Prevented","Collision Prevented","2026-10-02 12:56:22"
"2026-10-02 12:53:20","2026-10-02 12:53:20","Aura Farming","2026-10-02 12:53:20","Complete","1 likes, 1 reels watched, 1 saved, 3 posts scrolled, 11 Explore scrolls","2026-10-02 12:53:20"
"2026-10-02 12:53:04","2026-10-02 12:53:04","Aura Farming","2026-10-02 12:53:04","Complete","1 likes, 3 posts scrolled, 8 Explore scrolls","2026-10-02 12:53:04"
"2026-10-02 12:53:00","2026-10-02 12:53:00","Aura Farming","2026-10-02 12:53:00","Collision Prevented","Collision Prevented","2026-10-02 12:53:00"
"2026-10-02 12:50:22","2026-10-02 12:50:22","Aura Farming","2026-10-02 12:50:22","Collision Prevented","Collision Prevented","2026-10-02 12:50:22"
"2026-10-02 12:48:14","2026-10-02 12:48:14","Aura Farming","2026-10-02 12:48:14","Started","Cycle Started, Farming Aura","2026-10-02 12:48:14"
"2026-10-02 12:46:27","2026-10-02 12:46:27","Aura Farming","2026-10-02 12:46:27","Complete","1 likes, 1 saved, 9 posts scrolled, 9 Explore scrolls","2026-10-02 12:46:27"
"2026-10-02 12:45:02","2026-10-02 12:45:02","Aura Farming","2026-10-02 12:45:02","Started","Cycle Started, Farming Aura","2026-10-02 12:45:02"
"2026-10-02 12:42:16","2026-10-02 12:42:16","Aura Farming","2026-10-02 12:42:16","Complete","5 reels watched, 6 posts scrolled, 5 Explore scrolls","2026-10-02 12:42:16"
"2026-10-02 12:40:23","2026-10-02 12:40:23","Aura Farming","2026-10-02 12:40:23","Collision Prevented","Collision Prevented","2026-10-02 12:40:23"
"2026-10-02 12:39:20","2026-10-02 12:39:20","Aura Farming","2026-10-02 12:39:20","Started","Cycle Started, Farming Aura","2026-10-02 12:39:20"
"2026-10-02 12:38:53","2026-10-02 12:38:53","Aura Farming","2026-10-02 12:38:53","Collision Prevented","Collision Prevented","2026-10-02 12:38:53"
"2026-10-02 12:36:40","2026-10-02 12:36:40","Aura Farming","2026-10-02 12:36:40","Started","Cycle Started, Farming Aura","2026-10-02 12:36:40"
"2026-10-02 12:28:58","2026-10-02 12:28:58","Aura Farming","2026-10-02 12:28:58","Collision Prevented","Collision Prevented","2026-10-02 12:28:58"
"2026-10-02 12:28:58","2026-10-02 12:28:58","Aura Farming","2026-10-02 12:28:58","Complete","2 likes, 1 saved, 5 posts scrolled, 3 Explore scrolls","2026-10-02 12:28:58"
"2026-10-02 12:23:17","2026-10-02 12:23:17","Aura Farming","2026-10-02 12:23:17","Complete","2 likes, 6 reels watched, 2 saved, 8 posts scrolled, 8 Explore scrolls","2026-10-02 12:23:17"
"2026-10-02 12:22:55","2026-10-02 12:22:55","Aura Farming","2026-10-02 12:22:55","Started","Cycle Started, Farming Aura","2026-10-02 12:22:55"
"2026-10-02 12:22:24","2026-10-02 12:22:24","Aura Farming","2026-10-02 12:22:24","Complete","1 likes, 10 reels watched, 1 saved, 7 posts scrolled, 4 Explore scrolls","2026-10-02 12:22:24"
"2026-10-02 12:19:40","2026-10-02 12:19:40","Aura Farming","2026-10-02 12:19:40","Collision Prevented","Collision Prevented","2026-10-02 12:19:40"
"2026-10-02 12:19:00","2026-10-02 12:19:00","Aura Farming","2026-10-02 12:19:00","Complete","2 reels watched, 1 saved, 1 Explore scrolls","2026-10-02 12:19:00"
"2026-10-02 12:16:07","2026-10-02 12:16:07","Aura Farming","2026-10-02 12:16:07","Started","Cycle Started, Farming Aura","2026-10-02 12:16:07"
"2026-10-02 12:15:24","2026-10-02 12:15:24","Aura Farming","2026-10-02 12:15:24","Started","Cycle Started, Farming Aura","2026-10-02 12:15:24"
"2026-10-02 12:13:15","2026-10-02 12:13:15","Aura Farming","2026-10-02 12:13:15","Started","Cycle Started, Farming Aura","2026-10-02 12:13:15"
"2026-10-02 12:07:25","2026-10-02 12:07:25","Aura Farming","2026-10-02 12:07:25","Collision Prevented","Collision Prevented","2026-10-02 12:07:25"
"2026-10-02 12:07:13","2026-10-02 12:07:13","Aura Farming","2026-10-02 12:07:13","Collision Prevented","Collision Prevented","2026-10-02 12:07:13"
"2026-10-02 12:06:55","2026-10-02 12:06:55","Aura Farming","2026-10-02 12:06:55","Collision Prevented","Collision Prevented","2026-10-02 12:06:55"
"2026-10-02 12:06:48","2026-10-02 12:06:48","Aura Farming","2026-10-02 12:06:48","Collision Prevented","Collision Prevented","2026-10-02 12:06:48"
"2026-10-02 12:00:38","2026-10-02 12:00:38","Aura Farming","2026-10-02 12:00:38","Collision Prevented","Collision Prevented","2026-10-02 12:00:38"
"2026-10-02 12:00:31","2026-10-02 12:00:31","Aura Farming","2026-10-02 12:00:31","Collision Prevented","Collision Prevented","2026-10-02 12:00:31"
"2026-10-02 11:58:18","2026-10-02 11:58:18","Aura Farming","2026-10-02 11:58:18","Complete","7 reels watched, 1 saved, 5 posts scrolled","2026-10-02 11:58:18"
"2026-10-02 11:56:18","2026-10-02 11:56:18","Aura Farming","2026-10-02 11:56:18","Complete","2 reels watched, 2 saved, 2 posts scrolled, 3 Explore scrolls","2026-10-02 11:56:18"
"2026-10-02 11:54:14","2026-10-02 11:54:14","Aura Farming","2026-10-02 11:54:14","Collision Prevented","Collision Prevented","2026-10-02 11:54:14"
"2026-10-02 11:54:06","2026-10-02 11:54:06","Aura Farming","2026-10-02 11:54:06","Complete","No metrics recorded","2026-10-02 11:54:06"
"2026-10-02 11:52:56","2026-10-02 11:52:56","Aura Farming","2026-10-02 11:52:56","Started","Cycle Started, Farming Aura","2026-10-02 11:52:56"
"2026-10-02 11:51:35","2026-10-02 11:51:35","Aura Farming","2026-10-02 11:51:35","Started","Cycle Started, Farming Aura","2026-10-02 11:51:35"
"2026-10-02 11:51:00","2026-10-02 11:51:00","Aura Farming","2026-10-02 11:51:00","Started","Cycle Started, Farming Aura","2026-10-02 11:51:00"
"2026-10-02 11:49:05","2026-10-02 11:49:05","Aura Farming","2026-10-02 11:49:05","Collision Prevented","Collision Prevented","2026-10-02 11:49:05"
"2026-10-02 11:47:34","2026-10-02 11:47:34","Aura Farming","2026-10-02 11:47:34","Complete","1 likes, 1 reels watched, 1 shares, 2 saved, 2 posts scrolled, 3 Explore scrolls","2026-10-02 11:47:34"
"2026-10-02 11:46:03","2026-10-02 11:46:03","Aura Farming","2026-10-02 11:46:03","Complete","3 likes, 5 reels watched, 5 saved, 9 posts scrolled","2026-10-02 11:46:03"
"2026-10-02 11:41:18","2026-10-02 11:41:18","Aura Farming","2026-10-02 11:41:18","Collision Prevented","Collision Prevented","2026-10-02 11:41:18"
"2026-10-02 11:40:44","2026-10-02 11:40:44","Aura Farming","2026-10-02 11:40:44","Started","Cycle Started, Farming Aura","2026-10-02 11:40:44"
"2026-10-02 11:36:12","2026-10-02 11:36:12","Aura Farming","2026-10-02 11:36:12","Collision Prevented","Collision Prevented","2026-10-02 11:36:12"
"2026-10-02 11:33:58","2026-10-02 11:33:58","Aura Farming","2026-10-02 11:33:58","Started","Cycle Started, Farming Aura","2026-10-02 11:33:58"
"2026-10-02 11:32:18","2026-10-02 11:32:18","Aura Farming","2026-10-02 11:32:18","Complete","5 posts scrolled, 6 Explore scrolls","2026-10-02 11:32:18"
"2026-10-02 11:32:02","2026-10-02 11:32:02","Aura Farming","2026-10-02 11:32:02","Complete","1 reels watched, 1 shares, 1 saved, 11 posts scrolled, 14 Explore scrolls","2026-10-02 11:32:02"
"2026-10-02 11:29:39","2026-10-02 11:29:39","Aura Farming","2026-10-02 11:29:39","Collision Prevented","Collision Prevented","2026-10-02 11:29:39"
"2026-10-02 11:27:33","2026-10-02 11:27:33","Aura Farming","2026-10-02 11:27:33","Collision Prevented","Collision Prevented","2026-10-02 11:27:33"
"2026-10-02 11:27:02","2026-10-02 11:27:02","Aura Farming","2026-10-02 11:27:02","Started","Cycle Started, Farming Aura","2026-10-02 11:27:02"
"2026-10-02 11:23:39","2026-10-02 11:23:39","Aura Farming","2026-10-02 11:23:39","Started","Cycle Started, Farming Aura","2026-10-02 11:23:39"
"2026-10-02 11:16:53","2026-10-02 11:16:53","Aura Farming","2026-10-02 11:16:53","Collision Prevented","Collision Prevented","2026-10-02 11:16:53"
"2026-10-02 11:15:28","2026-10-02 11:15:28","Aura Farming","2026-10-02 11:15:28","Collision Prevented","Collision Prevented","2026-10-02 11:15:28"
"2026-10-02 11:14:58","2026-10-02 11:14:58","Aura Farming","2026-10-02 11:14:58","Collision Prevented","Collision Prevented","2026-10-02 11:14:58"
"2026-10-02 11:10:48","2026-10-02 11:10:48","Aura Farming","2026-10-02 11:10:48","Collision Prevented","Collision Prevented","2026-10-02 11:10:48"
"2026-10-02 11:10:40","2026-10-02 11:10:40","Aura Farming","2026-10-02 11:10:40","Collision Prevented","Collision Prevented","2026-10-02 11:10:40"
"2026-10-02 11:08:57","2026-10-02 11:08:57","Aura Farming","2026-10-02 11:08:57","Complete","5 reels watched, 2 saved, 9 Explore scrolls","2026-10-02 11:08:57"
"2026-10-02 11:07:45","2026-10-02 11:07:45","Aura Farming","2026-10-02 11:07:45","Collision Prevented","Collision Prevented","2026-10-02 11:07:45"
"2026-10-02 11:05:23","2026-10-02 11:05:23","Aura Farming","2026-10-02 11:05:23","Complete","3 reels watched, 2 posts scrolled, 7 Explore scrolls","2026-10-02 11:05:23"
"2026-10-02 11:03:01","2026-10-02 11:03:01","Aura Farming","2026-10-02 11:03:01","Collision Prevented","Collision Prevented","2026-10-02 11:03:01"
"2026-10-02 11:02:28","2026-10-02 11:02:28","Aura Farming","2026-10-02 11:02:28","Started","Cycle Started, Farming Aura","2026-10-02 11:02:28"
"2026-10-02 11:02:03","2026-10-02 11:02:03","Aura Farming","2026-10-02 11:02:03","Collision Prevented","Collision Prevented","2026-10-02 11:02:03"
"2026-10-02 10:59:06","2026-10-02 10:59:06","Aura Farming","2026-10-02 10:59:06","Complete","3 likes, 4 reels watched, 2 shares, 2 saved, 8 posts scrolled, 1 Explore scrolls","2026-10-02 10:59:06"
"2026-10-02 10:57:46","2026-10-02 10:57:46","Aura Farming","2026-10-02 10:57:46","Collision Prevented","Collision Prevented","2026-10-02 10:57:46"
"2026-10-02 10:57:45","2026-10-02 10:57:45","Aura Farming","2026-10-02 10:57:45","Collision Prevented","Collision Prevented","2026-10-02 10:57:45"
"2026-10-02 10:57:38","2026-10-02 10:57:38","Aura Farming","2026-10-02 10:57:38","Started","Cycle Started, Farming Aura","2026-10-02 10:57:38"
"2026-10-02 10:56:51","2026-10-02 10:56:51","Aura Farming","2026-10-02 10:56:51","Collision Prevented","Collision Prevented","2026-10-02 10:56:51"
"2026-10-02 10:51:34","2026-10-02 10:51:34","Aura Farming","2026-10-02 10:51:34","Collision Prevented","Collision Prevented","2026-10-02 10:51:34"
"2026-10-02 10:51:18","2026-10-02 10:51:18","Aura Farming","2026-10-02 10:51:18","Started","Cycle Started, Farming Aura","2026-10-02 10:51:18"
"2026-10-02 10:45:57","2026-10-02 10:45:57","Aura Farming","2026-10-02 10:45:57","Complete","1 likes, 10 reels watched, 3 saved, 1 posts scrolled","2026-10-02 10:45:57"
"2026-10-02 10:40:31","2026-10-02 10:40:31","Aura Farming","2026-10-02 10:40:31","Started","Cycle Started, Farming Aura","2026-10-02 10:40:31"
"2026-10-02 10:37:46","2026-10-02 10:37:46","Aura Farming","2026-10-02 10:37:46","Complete","2 reels watched, 1 posts scrolled, 4 Explore scrolls","2026-10-02 10:37:46"
"2026-10-02 10:37:39","2026-10-02 10:37:39","Aura Farming","2026-10-02 10:37:39","Collision Prevented","Collision Prevented","2026-10-02 10:37:39"
"2026-10-02 10:36:27","2026-10-02 10:36:27","Aura Farming","2026-10-02 10:36:27","Complete","2 shares, 3 posts scrolled","2026-10-02 10:36:27"
"2026-10-02 10:33:48","2026-10-02 10:33:48","Aura Farming","2026-10-02 10:33:48","Collision Prevented","Collision Prevented","2026-10-02 10:33:48"
"2026-10-02 10:33:37","2026-10-02 10:33:37","Aura Farming","2026-10-02 10:33:37","Started","Cycle Started, Farming Aura","2026-10-02 10:33:37"
"2026-10-02 10:31:21","2026-10-02 10:31:21","Aura Farming","2026-10-02 10:31:21","Started","Cycle Started, Farming Aura","2026-10-02 10:31:21"
"2026-10-02 10:28:19","2026-10-02 10:28:19","Aura Farming","2026-10-02 10:28:19","Collision Prevented","Collision Prevented","2026-10-02 10:28:19"
"2026-10-02 10:24:54","2026-10-02 10:24:54","Aura Farming","2026-10-02 10:24:54","Complete","8 posts scrolled","2026-10-02 10:24:54"
"2026-10-02 10:23:34","2026-10-02 10:23:34","Aura Farming","2026-10-02 10:23:34","Collision Prevented","Collision Prevented","2026-10-02 10:23:34"
"2026-10-02 10:20:07","2026-10-02 10:20:07","Aura Farming","2026-10-02 10:20:07","Started","Cycle Started, Farming Aura","2026-10-02 10:20:07"
"2026-10-02 10:16:59","2026-10-02 10:16:59","Aura Farming","2026-10-02 10:16:59","Collision Prevented","Collision Prevented","2026-10-02 10:16:59"
"2026-10-02 10:12:54","2026-10-02 10:12:54","Aura Farming","2026-10-02 10:12:54","Complete","No metrics recorded","2026-10-02 10:12:54"
"2026-10-02 10:10:49","2026-10-02 10:10:49","Aura Farming","2026-10-02 10:10:49","Complete","2 likes, 7 reels watched, 8 posts scrolled, 3 Explore scrolls","2026-10-02 10:10:49"
"2026-10-02 10:09:56","2026-10-02 10:09:56","Aura Farming","2026-10-02 10:09:56","Started","Cycle Started, Farming Aura","2026-10-02 10:09:56"
"2026-10-02 10:07:24","2026-10-02 10:07:24","Aura Farming","2026-10-02 10:07:24","Complete","1 reels watched, 1 posts scrolled","2026-10-02 10:07:24"
"2026-10-02 10:06:50","2026-10-02 10:06:50","Aura Farming","2026-10-02 10:06:50","Collision Prevented","Collision Prevented","2026-10-02 10:06:50"
"2026-10-02 10:04:36","2026-10-02 10:04:36","Aura Farming","2026-10-02 10:04:36","Started","Cycle Started, Farming Aura","2026-10-02 10:04:36"
"2026-10-02 10:03:25","2026-10-02 10:03:25","Aura Farming","2026-10-02 10:03:25","Started","Cycle Started, Farming Aura","2026-10-02 10:03:25"
"2026-10-02 10:02:43","2026-10-02 10:02:43","Aura Farming","2026-10-02 10:02:43","Complete","6 reels watched, 3 posts scrolled, 12 Explore scrolls","2026-10-02 10:02:43"
"2026-10-02 09:59:36","2026-10-02 09:59:36","Aura Farming","2026-10-02 09:59:36","Collision Prevented","Collision Prevented","2026-10-02 09:59:36"
"2026-10-02 09:55:55","2026-10-02 09:55:55","Aura Farming","2026-10-02 09:55:55","Collision Prevented","Collision Prevented","2026-10-02 09:55:55"
"2026-10-02 09:52:57","2026-10-02 09:52:57","Aura Farming","2026-10-02 09:52:57","Collision Prevented","Collision Prevented","2026-10-02 09:52:57"
"2026-10-02 09:52:37","2026-10-02 09:52:37","Aura Farming","2026-10-02 09:52:37","Started","Cycle Started, Farming Aura","2026-10-02 09:52:37"
"2026-10-02 09:51:17","2026-10-02 09:51:17","Aura Farming","2026-10-02 09:51:17","Complete","No metrics recorded","2026-10-02 09:51:17"
"2026-10-02 09:49:23","2026-10-02 09:49:23","Aura Farming","2026-10-02 09:49:23","Started","Cycle Started, Farming Aura","2026-10-02 09:49:23"
"2026-10-02 09:48:24","2026-10-02 09:48:24","Aura Farming","2026-10-02 09:48:24","Collision Prevented","Collision Prevented","2026-10-02 09:48:24"
"2026-10-02 09:45:50","2026-10-02 09:45:50","Aura Farming","2026-10-02 09:45:50","Complete","1 likes, 2 saved, 9 posts scrolled, 3 Explore scrolls","2026-10-02 09:45:50"
"2026-10-02 09:37:53","2026-10-02 09:37:53","Aura Farming","2026-10-02 09:37:53","Started","Cycle Started, Farming Aura","2026-10-02 09:37:53"
"2026-10-02 09:32:06","2026-10-02 09:32:06","Aura Farming","2026-10-02 09:32:06","Collision Prevented","Collision Prevented","2026-10-02 09:32:06"
"2026-10-02 09:31:53","2026-10-02 09:31:53","Aura Farming","2026-10-02 09:31:53","Complete","5 posts scrolled, 8 Explore scrolls","2026-10-02 09:31:53"
"2026-10-02 09:31:42","2026-10-02 09:31:42","Aura Farming","2026-10-02 09:31:42","Collision Prevented","Collision Prevented","2026-10-02 09:31:42"
"2026-10-02 09:29:55","2026-10-02 09:29:55","Aura Farming","2026-10-02 09:29:55","Complete","24 posts scrolled, 20 Explore scrolls","2026-10-02 09:29:55"
"2026-10-02 09:29:24","2026-10-02 09:29:24","Aura Farming","2026-10-02 09:29:24","Collision Prevented","Collision Prevented","2026-10-02 09:29:24"
"2026-10-02 09:27:21","2026-10-02 09:27:21","Aura Farming","2026-10-02 09:27:21","Started","Cycle Started, Farming Aura","2026-10-02 09:27:21"
"2026-10-02 09:24:27","2026-10-02 09:24:27","Aura Farming","2026-10-02 09:24:27","Complete","No metrics recorded","2026-10-02 09:24:27"
"2026-10-02 09:22:54","2026-10-02 09:22:54","Aura Farming","2026-10-02 09:22:54","Started","Cycle Started, Farming Aura","2026-10-02 09:22:54"
"2026-10-02 09:22:17","2026-10-02 09:22:17","Aura Farming","2026-10-02 09:22:17","Started","Cycle Started, Farming Aura","2026-10-02 09:22:17"
"2026-10-02 09:18:59","2026-10-02 09:18:59","Aura Farming","2026-10-02 09:18:59","Complete","2 reels watched, 1 shares, 2 saved, 3 posts scrolled, 7 Explore scrolls","2026-10-02 09:18:59"
"2026-10-02 09:12:02","2026-10-02 09:12:02","Aura Farming","2026-10-02 09:12:02","Collision Prevented","Collision Prevented","2026-10-02 09:12:02"
"2026-10-02 09:11:57","2026-10-02 09:11:57","Aura Farming","2026-10-02 09:11:57","Collision Prevented","Collision Prevented","2026-10-02 09:11:57"
"2026-10-02 09:11:08","2026-10-02 09:11:08","Aura Farming","2026-10-02 09:11:08","Started","Cycle Started, Farming Aura","2026-10-02 09:11:08"
"2026-10-02 09:09:45","2026-10-02 09:09:45","Aura Farming","2026-10-02 09:09:45","Collision Prevented","Collision Prevented","2026-10-02 09:09:45"
"2026-10-02 09:07:37","2026-10-02 09:07:37","Aura Farming","2026-10-02 09:07:37","Collision Prevented","Collision Prevented","2026-10-02 09:07:37"
"2026-10-02 09:06:43","2026-10-02 09:06:43","Aura Farming","2026-10-02 09:06:43","Complete","No metrics recorded","2026-10-02 09:06:43"
"2026-10-02 09:06:00","2026-10-02 09:06:00","Aura Farming","2026-10-02 09:06:00","Complete","2 likes, 11 Explore scrolls","2026-10-02 09:06:00"
"2026-10-02 09:04:51","2026-10-02 09:04:51","Aura Farming","2026-10-02 09:04:51","Started","Cycle Started, Farming Aura","2026-10-02 09:04:51"
"2026-10-02 09:01:19","2026-10-02 09:01:19","Aura Farming","2026-10-02 09:01:19","Collision Prevented","Collision Prevented","2026-10-02 09:01:19"
"2026-10-02 09:00:43","2026-10-02 09:00:43","Aura Farming","2026-10-02 09:00:43","Complete","2 reels watched","2026-10-02 09:00:43"
"2026-10-02 08:58:36","2026-10-02 08:58:36","Aura Farming","2026-10-02 08:58:36","Started","Cycle Started, Farming Aura","2026-10-02 08:58:36"
"2026-10-02 08:57:38","2026-10-02 08:57:38","Aura Farming","2026-10-02 08:57:38","Started","Cycle Started, Farming Aura","2026-10-02 08:57:38"
"2026-10-02 08:53:25","2026-10-02 08:53:25","Aura Farming","2026-10-02 08:53:25","Complete","6 reels watched, 2 saved, 5 posts scrolled, 4 Explore scrolls","2026-10-02 08:53:25"
"2026-10-02 08:46:39","2026-10-02 08:46:39","Aura Farming","2026-10-02 08:46:39","Started","Cycle Started, Farming Aura","2026-10-02 08:46:39"
"2026-10-02 08:45:28","2026-10-02 08:45:28","Aura Farming","2026-10-02 08:45:28","Collision Prevented","Collision Prevented","2026-10-02 08:45:28"
"2026-10-02 08:43:59","2026-10-02 08:43:59","Aura Farming","2026-10-02 08:43:59","Complete","3 reels watched, 4 posts scrolled, 5 Explore scrolls","2026-10-02 08:43:59"
"2026-10-02 08:43:00","2026-10-02 08:43:00","Aura Farming","2026-10-02 08:43:00","Collision Prevented","Collision Prevented","2026-10-02 08:43:00"
"2026-10-02 08:41:48","2026-10-02 08:41:48","Aura Farming","2026-10-02 08:41:48","Collision Prevented","Collision Prevented","2026-10-02 08:41:48"
"2026-10-02 08:39:42","2026-10-02 08:39:42","Aura Farming","2026-10-02 08:39:42","Started","Cycle Started, Farming Aura","2026-10-02 08:39:42"
"2026-10-02 08:36:55","2026-10-02 08:36:55","Aura Farming","2026-10-02 08:36:55","Collision Prevented","Collision Prevented","2026-10-02 08:36:55"
"2026-10-02 08:35:39","2026-10-02 08:35:39","Aura Farming","2026-10-02 08:35:39","Collision Prevented","Collision Prevented","2026-10-02 08:35:39"
"2026-10-02 08:34:01","2026-10-02 08:34:01","Aura Farming","2026-10-02 08:34:01","Complete","8 stories watched, 7 reels watched, 10 posts scrolled, 3 Explore scrolls","2026-10-02 08:34:01"
"2026-10-02 08:29:42","2026-10-02 08:29:42","Aura Farming","2026-10-02 08:29:42","Complete","6 reels watched, 1 posts scrolled, 4 Explore scrolls","2026-10-02 08:29:42"
"2026-10-02 08:24:30","2026-10-02 08:24:30","Aura Farming","2026-10-02 08:24:30","Started","Cycle Started, Farming Aura","2026-10-02 08:24:30"
"2026-10-02 08:24:05","2026-10-02 08:24:05","Aura Farming","2026-10-02 08:24:05","Started","Cycle Started, Farming Aura","2026-10-02 08:24:05"
"2026-10-02 08:22:48","2026-10-02 08:22:48","Aura Farming","2026-10-02 08:22:48","Collision Prevented","Collision Prevented","2026-10-02 08:22:48"
"2026-10-02 08:19:23","2026-10-02 08:19:23","Aura Farming","2026-10-02 08:19:23","Collision Prevented","Collision Prevented","2026-10-02 08:19:23"
"2026-10-02 08:14:29","2026-10-02 08:14:29","Aura Farming","2026-10-02 08:14:29","Complete","1 likes, 1 reels watched, 1 saved, 1 posts scrolled, 3 Explore scrolls","2026-10-02 08:14:29"
"2026-10-02 08:13:47","2026-10-02 08:13:47","Aura Farming","2026-10-02 08:13:47","Collision Prevented","Collision Prevented","2026-10-02 08:13:47"
"2026-10-02 08:08:54","2026-10-02 08:08:54","Aura Farming","2026-10-02 08:08:54","Started","Cycle Started, Farming Aura","2026-10-02 08:08:54"
"2026-10-02 08:04:19","2026-10-02 08:04:19","Aura Farming","2026-10-02 08:04:19","Collision Prevented","Collision Prevented","2026-10-02 08:04:19"
"2026-10-02 08:02:29","2026-10-02 08:02:29","Aura Farming","2026-10-02 08:02:29","Complete","No metrics recorded","2026-10-02 08:02:29"
"2026-10-02 08:00:36","2026-10-02 08:00:36","Aura Farming","2026-10-02 08:00:36","Started","Cycle Started, Farming Aura","2026-10-02 08:00:36"
"2026-10-02 08:00:11","2026-10-02 08:00:11","Aura Farming","2026-10-02 08:00:11","Complete","5 posts scrolled, 7 Explore scrolls","2026-10-02 08:00:11"
"2026-10-02 07:59:39","2026-10-02 07:59:39","Aura Farming","2026-10-02 07:59:39","Complete","1 likes, 3 reels watched, 4 posts scrolled, 6 Explore scrolls","2026-10-02 07:59:39"
"2026-10-02 07:56:20","2026-10-02 07:56:20","Aura Farming","2026-10-02 07:56:20","Collision Prevented","Collision Prevented","2026-10-02 07:56:20"
"2026-10-02 07:55:42","2026-10-02 07:55:42","Aura Farming","2026-10-02 07:55:42","Started","Cycle Started, Farming Aura","2026-10-02 07:55:42"
"2026-10-02 07:54:42","2026-10-02 07:54:42","Aura Farming","2026-10-02 07:54:42","Collision Prevented","Collision Prevented","2026-10-02 07:54:42"
"2026-10-02 07:54:30","2026-10-02 07:54:30","Aura Farming","2026-10-02 07:54:30","Started","Cycle Started, Farming Aura","2026-10-02 07:54:30"
"2026-10-02 07:46:51","2026-10-02 07:46:51","Aura Farming","2026-10-02 07:46:51","Collision Prevented","Collision Prevented","2026-10-02 07:46:51"
"2026-10-02 07:46:14","2026-10-02 07:46:14","Aura Farming","2026-10-02 07:46:14","Collision Prevented","Collision Prevented","2026-10-02 07:46:14"
"2026-10-02 07:44:59","2026-10-02 07:44:59","Aura Farming","2026-10-02 07:44:59","Complete","No metrics recorded","2026-10-02 07:44:59"
"2026-10-02 07:44:18","2026-10-02 07:44:18","Aura Farming","2026-10-02 07:44:18","Collision Prevented","Collision Prevented","2026-10-02 07:44:18"
"2026-10-02 07:44:15","2026-10-02 07:44:15","Aura Farming","2026-10-02 07:44:15","Collision Prevented","Collision Prevented","2026-10-02 07:44:15"
"2026-10-02 07:43:06","2026-10-02 07:43:06","Aura Farming","2026-10-02 07:43:06","Started","Cycle Started, Farming Aura","2026-10-02 07:43:06"
"2026-10-02 07:38:25","2026-10-02 07:38:25","Aura Farming","2026-10-02 07:38:25","Collision Prevented","Collision Prevented","2026-10-02 07:38:25"
"2026-10-02 07:33:47","2026-10-02 07:33:47","Aura Farming","2026-10-02 07:33:47","Complete","10 reels watched, 11 posts scrolled","2026-10-02 07:33:47"
"2026-10-02 07:30:57","2026-10-02 07:30:57","Aura Farming","2026-10-02 07:30:57","Complete","1 likes, 4 reels watched, 1 saved, 3 Explore scrolls","2026-10-02 07:30:57"
"2026-10-02 07:29:11","2026-10-02 07:29:11","Aura Farming","2026-10-02 07:29:11","Complete","1 likes, 10 reels watched, 1 saved, 3 posts scrolled","2026-10-02 07:29:11"
"2026-10-02 07:26:49","2026-10-02 07:26:49","Aura Farming","2026-10-02 07:26:49","Started","Cycle Started, Farming Aura","2026-10-02 07:26:49"
"2026-10-02 07:25:48","2026-10-02 07:25:48","Aura Farming","2026-10-02 07:25:48","Started","Cycle Started, Farming Aura","2026-10-02 07:25:48"
"2026-10-02 07:25:24","2026-10-02 07:25:24","Aura Farming","2026-10-02 07:25:24","Complete","No metrics recorded","2026-10-02 07:25:24"
"2026-10-02 07:23:29","2026-10-02 07:23:29","Aura Farming","2026-10-02 07:23:29","Started","Cycle Started, Farming Aura","2026-10-02 07:23:29"
"2026-10-02 07:23:12","2026-10-02 07:23:12","Aura Farming","2026-10-02 07:23:12","Complete","1 likes, 7 reels watched, 8 posts scrolled","2026-10-02 07:23:12"
"2026-10-02 07:22:17","2026-10-02 07:22:17","Aura Farming","2026-10-02 07:22:17","Started","Cycle Started, Farming Aura","2026-10-02 07:22:17"
"2026-10-02 07:17:40","2026-10-02 07:17:40","Aura Farming","2026-10-02 07:17:40","Started","Cycle Started, Farming Aura","2026-10-02 07:17:40"
"2026-10-02 07:13:52","2026-10-02 07:13:52","Aura Farming","2026-10-02 07:13:52","Collision Prevented","Collision Prevented","2026-10-02 07:13:52"
"2026-10-02 07:13:05","2026-10-02 07:13:05","Aura Farming","2026-10-02 07:13:05","Collision Prevented","Collision Prevented","2026-10-02 07:13:05"
"2026-10-02 07:10:21","2026-10-02 07:10:21","Aura Farming","2026-10-02 07:10:21","Collision Prevented","Collision Prevented","2026-10-02 07:10:21"
"2026-10-02 07:08:38","2026-10-02 07:08:38","Aura Farming","2026-10-02 07:08:38","Collision Prevented","Collision Prevented","2026-10-02 07:08:38"
"2026-10-02 07:03:37","2026-10-02 07:03:37","Aura Farming","2026-10-02 07:03:37","Complete","1 reels watched, 4 posts scrolled, 3 Explore scrolls","2026-10-02 07:03:37"
"2026-10-02 07:02:54","2026-10-02 07:02:54","Aura Farming","2026-10-02 07:02:54","Complete","2 Explore scrolls","2026-10-02 07:02:54"
"2026-10-02 07:01:33","2026-10-02 07:01:33","Aura Farming","2026-10-02 07:01:33","Collision Prevented","Collision Prevented","2026-10-02 07:01:33"
"2026-10-02 07:01:05","2026-10-02 07:01:05","Aura Farming","2026-10-02 07:01:05","Complete","2 likes, 11 reels watched, 2 saved, 6 posts scrolled","2026-10-02 07:01:05"
"2026-10-02 07:00:05","2026-10-02 07:00:05","Aura Farming","2026-10-02 07:00:05","Started","Cycle Started, Farming Aura","2026-10-02 07:00:05"
"2026-10-02 06:59:05","2026-10-02 06:59:05","Aura Farming","2026-10-02 06:59:05","Started","Cycle Started, Farming Aura","2026-10-02 06:59:05"
"2026-10-02 06:57:57","2026-10-02 06:57:57","Aura Farming","2026-10-02 06:57:57","Collision Prevented","Collision Prevented","2026-10-02 06:57:57"
"2026-10-02 06:54:37","2026-10-02 06:54:37","Aura Farming","2026-10-02 06:54:37","Collision Prevented","Collision Prevented","2026-10-02 06:54:37"
"2026-10-02 06:53:10","2026-10-02 06:53:10","Aura Farming","2026-10-02 06:53:10","Started","Cycle Started, Farming Aura","2026-10-02 06:53:10"
"2026-10-02 06:53:03","2026-10-02 06:53:03","Aura Farming","2026-10-02 06:53:03","Collision Prevented","Collision Prevented","2026-10-02 06:53:03"
"2026-10-02 06:45:04","2026-10-02 06:45:04","Aura Farming","2026-10-02 06:45:04","Collision Prevented","Collision Prevented","2026-10-02 06:45:04"
"2026-10-02 06:42:15","2026-10-02 06:42:15","Aura Farming","2026-10-02 06:42:15","Complete","3 posts scrolled","2026-10-02 06:42:15"
"2026-10-02 06:41:43","2026-10-02 06:41:43","Aura Farming","2026-10-02 06:41:43","Collision Prevented","Collision Prevented","2026-10-02 06:41:43"
"2026-10-02 06:40:54","2026-10-02 06:40:54","Aura Farming","2026-10-02 06:40:54","Collision Prevented","Collision Prevented","2026-10-02 06:40:54"
"2026-10-02 06:40:20","2026-10-02 06:40:20","Aura Farming","2026-10-02 06:40:20","Complete","4 posts scrolled, 3 Explore scrolls","2026-10-02 06:40:20"
"2026-10-02 06:39:50","2026-10-02 06:39:50","Aura Farming","2026-10-02 06:39:50","Complete","No metrics recorded","2026-10-02 06:39:50"
"2026-10-02 06:39:10","2026-10-02 06:39:10","Aura Farming","2026-10-02 06:39:10","Started","Cycle Started, Farming Aura","2026-10-02 06:39:10"
"2026-10-02 06:37:55","2026-10-02 06:37:55","Aura Farming","2026-10-02 06:37:55","Started","Cycle Started, Farming Aura","2026-10-02 06:37:55"
"2026-10-02 06:37:21","2026-10-02 06:37:21","Aura Farming","2026-10-02 06:37:21","Started","Cycle Started, Farming Aura","2026-10-02 06:37:21"
"2026-10-02 06:36:04","2026-10-02 06:36:04","Aura Farming","2026-10-02 06:36:04","Complete","10 reels watched, 10 posts scrolled, 9 Explore scrolls","2026-10-02 06:36:04"
"2026-10-02 06:35:18","2026-10-02 06:35:18","Aura Farming","2026-10-02 06:35:18","Collision Prevented","Collision Prevented","2026-10-02 06:35:18"
"2026-10-02 06:31:37","2026-10-02 06:31:37","Aura Farming","2026-10-02 06:31:37","Collision Prevented","Collision Prevented","2026-10-02 06:31:37"
"2026-10-02 06:27:12","2026-10-02 06:27:12","Aura Farming","2026-10-02 06:27:12","Started","Cycle Started, Farming Aura","2026-10-02 06:27:12"
"2026-10-02 06:21:28","2026-10-02 06:21:28","Aura Farming","2026-10-02 06:21:28","Complete","No metrics recorded","2026-10-02 06:21:28"
"2026-10-02 06:20:42","2026-10-02 06:20:42","Aura Farming","2026-10-02 06:20:42","Collision Prevented","Collision Prevented","2026-10-02 06:20:42"
"2026-10-02 06:20:10","2026-10-02 06:20:10","Aura Farming","2026-10-02 06:20:10","Started","Cycle Started, Farming Aura","2026-10-02 06:20:10"
"2026-10-02 06:19:03","2026-10-02 06:19:03","Aura Farming","2026-10-02 06:19:03","Complete","5 likes, 8 reels watched, 1 saved, 9 posts scrolled, 7 Explore scrolls","2026-10-02 06:19:03"
"2026-10-02 06:18:09","2026-10-02 06:18:09","Aura Farming","2026-10-02 06:18:09","Collision Prevented","Collision Prevented","2026-10-02 06:18:09"
"2026-10-02 06:13:18","2026-10-02 06:13:18","Aura Farming","2026-10-02 06:13:18","Collision Prevented","Collision Prevented","2026-10-02 06:13:18"
"2026-10-02 06:12:26","2026-10-02 06:12:26","Aura Farming","2026-10-02 06:12:26","Collision Prevented","Collision Prevented","2026-10-02 06:12:26"
"2026-10-02 06:10:04","2026-10-02 06:10:04","Aura Farming","2026-10-02 06:10:04","Started","Cycle Started, Farming Aura","2026-10-02 06:10:04"
"2026-10-02 06:08:14","2026-10-02 06:08:14","Aura Farming","2026-10-02 06:08:14","Collision Prevented","Collision Prevented","2026-10-02 06:08:14"
"2026-10-02 06:06:15","2026-10-02 06:06:15","Aura Farming","2026-10-02 06:06:15","Collision Prevented","Collision Prevented","2026-10-02 06:06:15"
"2026-10-02 06:06:10","2026-10-02 06:06:10","Aura Farming","2026-10-02 06:06:10","Complete","2 Explore scrolls","2026-10-02 06:06:10"
"2026-10-02 06:03:52","2026-10-02 06:03:52","Aura Farming","2026-10-02 06:03:52","Collision Prevented","Collision Prevented","2026-10-02 06:03:52"
"2026-10-02 06:02:55","2026-10-02 06:02:55","Aura Farming","2026-10-02 06:02:55","Collision Prevented","Collision Prevented","2026-10-02 06:02:55"
"2026-10-02 06:01:38","2026-10-02 06:01:38","Aura Farming","2026-10-02 06:01:38","Collision Prevented","Collision Prevented","2026-10-02 06:01:38"
"2026-10-02 06:00:38","2026-10-02 06:00:38","Aura Farming","2026-10-02 06:00:38","Started","Cycle Started, Farming Aura","2026-10-02 06:00:38"
"2026-10-02 05:58:10","2026-10-02 05:58:10","Aura Farming","2026-10-02 05:58:10","Collision Prevented","Collision Prevented","2026-10-02 05:58:10"
"2026-10-02 05:52:45","2026-10-02 05:52:45","Aura Farming","2026-10-02 05:52:45","Collision Prevented","Collision Prevented","2026-10-02 05:52:45"
"2026-10-02 05:49:46","2026-10-02 05:49:46","Aura Farming","2026-10-02 05:49:46","Collision Prevented","Collision Prevented","2026-10-02 05:49:46"
"2026-10-02 05:48:33","2026-10-02 05:48:33","Aura Farming","2026-10-02 05:48:33","Collision Prevented","Collision Prevented","2026-10-02 05:48:33"
"2026-10-02 05:45:46","2026-10-02 05:45:46","Aura Farming","2026-10-02 05:45:46","Collision Prevented","Collision Prevented","2026-10-02 05:45:46"
"2026-10-02 05:45:37","2026-10-02 05:45:37","Aura Farming","2026-10-02 05:45:37","Collision Prevented","Collision Prevented","2026-10-02 05:45:37"
"2026-10-02 05:45:23","2026-10-02 05:45:23","Aura Farming","2026-10-02 05:45:23","Complete","1 likes, 6 reels watched, 5 posts scrolled, 4 Explore scrolls","2026-10-02 05:45:23"
"2026-10-02 05:43:03","2026-10-02 05:43:03","Aura Farming","2026-10-02 05:43:03","Collision Prevented","Collision Prevented","2026-10-02 05:43:03"
"2026-10-02 05:40:19","2026-10-02 05:40:19","Aura Farming","2026-10-02 05:40:19","Complete","1 saved, 5 posts scrolled, 1 Explore scrolls","2026-10-02 05:40:19"
"2026-10-02 05:39:36","2026-10-02 05:39:36","Aura Farming","2026-10-02 05:39:36","Started","Cycle Started, Farming Aura","2026-10-02 05:39:36"
"2026-10-02 05:36:22","2026-10-02 05:36:22","Aura Farming","2026-10-02 05:36:22","Complete","1 likes, 4 reels watched, 4 posts scrolled, 1 Explore scrolls","2026-10-02 05:36:22"
"2026-10-02 05:36:10","2026-10-02 05:36:10","Aura Farming","2026-10-02 05:36:10","Started","Cycle Started, Farming Aura","2026-10-02 05:36:10"
"2026-10-02 05:29:26","2026-10-02 05:29:26","Aura Farming","2026-10-02 05:29:26","Started","Cycle Started, Farming Aura","2026-10-02 05:29:26"
"2026-10-02 05:24:03","2026-10-02 05:24:03","Aura Farming","2026-10-02 05:24:03","Complete","2 likes, 8 reels watched, 1 saved, 4 posts scrolled","2026-10-02 05:24:03"
"2026-10-02 05:23:50","2026-10-02 05:23:50","Aura Farming","2026-10-02 05:23:50","Complete","No metrics recorded","2026-10-02 05:23:50"
"2026-10-02 05:21:51","2026-10-02 05:21:51","Aura Farming","2026-10-02 05:21:51","Started","Cycle Started, Farming Aura","2026-10-02 05:21:51"
"2026-10-02 05:21:20","2026-10-02 05:21:20","Aura Farming","2026-10-02 05:21:20","Collision Prevented","Collision Prevented","2026-10-02 05:21:20"
"2026-10-02 05:20:01","2026-10-02 05:20:01","Aura Farming","2026-10-02 05:20:01","Complete","No metrics recorded","2026-10-02 05:20:01"
"2026-10-02 05:19:40","2026-10-02 05:19:40","Aura Farming","2026-10-02 05:19:40","Complete","1 likes, 5 reels watched, 1 saved, 2 Explore scrolls","2026-10-02 05:19:40"
"2026-10-02 05:18:15","2026-10-02 05:18:15","Aura Farming","2026-10-02 05:18:15","Collision Prevented","Collision Prevented","2026-10-02 05:18:15"
"2026-10-02 05:17:51","2026-10-02 05:17:51","Aura Farming","2026-10-02 05:17:51","Started","Cycle Started, Farming Aura","2026-10-02 05:17:51"
"2026-10-02 05:17:32","2026-10-02 05:17:32","Aura Farming","2026-10-02 05:17:32","Started","Cycle Started, Farming Aura","2026-10-02 05:17:32"
"2026-10-02 05:15:47","2026-10-02 05:15:47","Aura Farming","2026-10-02 05:15:47","Started","Cycle Started, Farming Aura","2026-10-02 05:15:47"
"2026-10-02 05:14:25","2026-10-02 05:14:25","Aura Farming","2026-10-02 05:14:25","Complete","1 likes, 1 reels watched, 1 saved, 13 posts scrolled, 7 Explore scrolls","2026-10-02 05:14:25"
"2026-10-02 05:13:25","2026-10-02 05:13:25","Aura Farming","2026-10-02 05:13:25","Collision Prevented","Collision Prevented","2026-10-02 05:13:25"
"2026-10-02 05:10:24","2026-10-02 05:10:24","Aura Farming","2026-10-02 05:10:24","Collision Prevented","Collision Prevented","2026-10-02 05:10:24"
"2026-10-02 05:09:44","2026-10-02 05:09:44","Aura Farming","2026-10-02 05:09:44","Collision Prevented","Collision Prevented","2026-10-02 05:09:44"
"2026-10-02 05:08:00","2026-10-02 05:08:00","Aura Farming","2026-10-02 05:08:00","Started","Cycle Started, Farming Aura","2026-10-02 05:08:00"
"2026-10-02 05:04:23","2026-10-02 05:04:23","Aura Farming","2026-10-02 05:04:23","Collision Prevented","Collision Prevented","2026-10-02 05:04:23"
"2026-10-02 05:00:56","2026-10-02 05:00:56","Aura Farming","2026-10-02 05:00:56","Collision Prevented","Collision Prevented","2026-10-02 05:00:56"
"2026-10-02 05:00:24","2026-10-02 05:00:24","Aura Farming","2026-10-02 05:00:24","Complete","No metrics recorded","2026-10-02 05:00:24"
"2026-10-02 04:59:05","2026-10-02 04:59:05","Aura Farming","2026-10-02 04:59:05","Started","Cycle Started, Farming Aura","2026-10-02 04:59:05"
"2026-10-02 04:56:14","2026-10-02 04:56:14","Aura Farming","2026-10-02 04:56:14","Collision Prevented","Collision Prevented","2026-10-02 04:56:14"
"2026-10-02 04:56:05","2026-10-02 04:56:05","Aura Farming","2026-10-02 04:56:05","Complete","6 reels watched, 9 posts scrolled","2026-10-02 04:56:05"
"2026-10-02 04:54:50","2026-10-02 04:54:50","Aura Farming","2026-10-02 04:54:50","Collision Prevented","Collision Prevented","2026-10-02 04:54:50"
"2026-10-02 04:52:28","2026-10-02 04:52:28","Aura Farming","2026-10-02 04:52:28","Complete","2 likes, 5 reels watched, 1 saved, 13 posts scrolled, 5 Explore scrolls","2026-10-02 04:52:28"
"2026-10-02 04:49:58","2026-10-02 04:49:58","Aura Farming","2026-10-02 04:49:58","Started","Cycle Started, Farming Aura","2026-10-02 04:49:58"
"2026-10-02 04:49:32","2026-10-02 04:49:32","Aura Farming","2026-10-02 04:49:32","Collision Prevented","Collision Prevented","2026-10-02 04:49:32"
"2026-10-02 04:47:02","2026-10-02 04:47:02","Aura Farming","2026-10-02 04:47:02","Collision Prevented","Collision Prevented","2026-10-02 04:47:02"
"2026-10-02 04:45:15","2026-10-02 04:45:15","Aura Farming","2026-10-02 04:45:15","Started","Cycle Started, Farming Aura","2026-10-02 04:45:15"
"2026-10-02 04:44:20","2026-10-02 04:44:20","Aura Farming","2026-10-02 04:44:20","Collision Prevented","Collision Prevented","2026-10-02 04:44:20"
"2026-10-02 04:39:12","2026-10-02 04:39:12","Aura Farming","2026-10-02 04:39:12","Collision Prevented","Collision Prevented","2026-10-02 04:39:12"
"2026-10-02 04:36:28","2026-10-02 04:36:28","Aura Farming","2026-10-02 04:36:28","Collision Prevented","Collision Prevented","2026-10-02 04:36:28"
"2026-10-02 04:29:39","2026-10-02 04:29:39","Aura Farming","2026-10-02 04:29:39","Complete","1 likes, 2 Explore scrolls","2026-10-02 04:29:39"
"2026-10-02 04:29:35","2026-10-02 04:29:35","Aura Farming","2026-10-02 04:29:35","Complete","2 posts scrolled","2026-10-02 04:29:35"
"2026-10-02 04:26:21","2026-10-02 04:26:21","Aura Farming","2026-10-02 04:26:21","Started","Cycle Started, Farming Aura","2026-10-02 04:26:21"
"2026-10-02 04:26:11","2026-10-02 04:26:11","Aura Farming","2026-10-02 04:26:11","Complete","1 likes, 3 reels watched, 1 saved, 3 posts scrolled, 2 Explore scrolls","2026-10-02 04:26:11"
"2026-10-02 04:25:45","2026-10-02 04:25:45","Aura Farming","2026-10-02 04:25:45","Started","Cycle Started, Farming Aura","2026-10-02 04:25:45"
"2026-10-02 04:24:59","2026-10-02 04:24:59","Aura Farming","2026-10-02 04:24:59","Collision Prevented","Collision Prevented","2026-10-02 04:24:59"
"2026-10-02 04:21:41","2026-10-02 04:21:41","Aura Farming","2026-10-02 04:21:41","Started","Cycle Started, Farming Aura","2026-10-02 04:21:41"
"2026-10-02 04:16:43","2026-10-02 04:16:43","Aura Farming","2026-10-02 04:16:43","Complete","4 reels watched, 1 saved, 5 posts scrolled, 4 Explore scrolls","2026-10-02 04:16:43"
"2026-10-02 04:13:53","2026-10-02 04:13:53","Aura Farming","2026-10-02 04:13:53","Complete","No metrics recorded","2026-10-02 04:13:53"
"2026-10-02 04:12:42","2026-10-02 04:12:42","Aura Farming","2026-10-02 04:12:42","Collision Prevented","Collision Prevented","2026-10-02 04:12:42"
"2026-10-02 04:12:18","2026-10-02 04:12:18","Aura Farming","2026-10-02 04:12:18","Started","Cycle Started, Farming Aura","2026-10-02 04:12:18"
"2026-10-02 04:11:38","2026-10-02 04:11:38","Aura Farming","2026-10-02 04:11:38","Started","Cycle Started, Farming Aura","2026-10-02 04:11:38"
"2026-10-02 04:09:01","2026-10-02 04:09:01","Aura Farming","2026-10-02 04:09:01","Collision Prevented","Collision Prevented","2026-10-02 04:09:01"
"2026-10-02 04:06:52","2026-10-02 04:06:52","Aura Farming","2026-10-02 04:06:52","Complete","2 likes, 10 stories watched, 7 reels watched, 10 posts scrolled, 2 Explore scrolls","2026-10-02 04:06:52"
"2026-10-02 04:06:38","2026-10-02 04:06:38","Aura Farming","2026-10-02 04:06:38","Collision Prevented","Collision Prevented","2026-10-02 04:06:38"
"2026-10-02 04:06:24","2026-10-02 04:06:24","Aura Farming","2026-10-02 04:06:24","Complete","3 likes, 7 reels watched, 1 saved, 7 posts scrolled, 6 Explore scrolls","2026-10-02 04:06:24"
"2026-10-02 04:05:29","2026-10-02 04:05:29","Aura Farming","2026-10-02 04:05:29","Collision Prevented","Collision Prevented","2026-10-02 04:05:29"
"2026-10-02 03:57:05","2026-10-02 03:57:05","Aura Farming","2026-10-02 03:57:05","Started","Cycle Started, Farming Aura","2026-10-02 03:57:05"
"2026-10-02 03:55:38","2026-10-02 03:55:38","Aura Farming","2026-10-02 03:55:38","Collision Prevented","Collision Prevented","2026-10-02 03:55:38"
"2026-10-02 03:54:07","2026-10-02 03:54:07","Aura Farming","2026-10-02 03:54:07","Collision Prevented","Collision Prevented","2026-10-02 03:54:07"
"2026-10-02 03:53:29","2026-10-02 03:53:29","Aura Farming","2026-10-02 03:53:29","Started","Cycle Started, Farming Aura","2026-10-02 03:53:29"
"2026-10-02 03:51:17","2026-10-02 03:51:17","Aura Farming","2026-10-02 03:51:17","Complete","1 likes, 3 stories watched, 6 reels watched, 14 posts scrolled, 8 Explore scrolls","2026-10-02 03:51:17"
"2026-10-02 03:49:46","2026-10-02 03:49:46","Aura Farming","2026-10-02 03:49:46","Collision Prevented","Collision Prevented","2026-10-02 03:49:46"
"2026-10-02 03:47:01","2026-10-02 03:47:01","Aura Farming","2026-10-02 03:47:01","Collision Prevented","Collision Prevented","2026-10-02 03:47:01"
"2026-10-02 03:46:30","2026-10-02 03:46:30","Aura Farming","2026-10-02 03:46:30","Collision Prevented","Collision Prevented","2026-10-02 03:46:30"
"2026-10-02 03:43:15","2026-10-02 03:43:15","Aura Farming","2026-10-02 03:43:15","Collision Prevented","Collision Prevented","2026-10-02 03:43:15"
"2026-10-02 03:42:31","2026-10-02 03:42:31","Aura Farming","2026-10-02 03:42:31","Complete","5 reels watched, 2 saved","2026-10-02 03:42:31"
"2026-10-02 03:40:42","2026-10-02 03:40:42","Aura Farming","2026-10-02 03:40:42","Started","Cycle Started, Farming Aura","2026-10-02 03:40:42"
"2026-10-02 03:38:19","2026-10-02 03:38:19","Aura Farming","2026-10-02 03:38:19","Started","Cycle Started, Farming Aura","2026-10-02 03:38:19"
"2026-10-02 03:37:04","2026-10-02 03:37:04","Aura Farming","2026-10-02 03:37:04","Complete","1 likes, 7 reels watched, 3 saved, 9 posts scrolled, 6 Explore scrolls","2026-10-02 03:37:04"
"2026-10-02 03:29:49","2026-10-02 03:29:49","Aura Farming","2026-10-02 03:29:49","Complete","8 Explore scrolls","2026-10-02 03:29:49"
"2026-10-02 03:28:28","2026-10-02 03:28:28","Aura Farming","2026-10-02 03:28:28","Collision Prevented","Collision Prevented","2026-10-02 03:28:28"
"2026-10-02 03:25:58","2026-10-02 03:25:58","Aura Farming","2026-10-02 03:25:58","Started","Cycle Started, Farming Aura","2026-10-02 03:25:58"
"2026-10-02 03:25:42","2026-10-02 03:25:42","Aura Farming","2026-10-02 03:25:42","Collision Prevented","Collision Prevented","2026-10-02 03:25:42"
"2026-10-02 03:24:40","2026-10-02 03:24:40","Aura Farming","2026-10-02 03:24:40","Started","Cycle Started, Farming Aura","2026-10-02 03:24:40"
"2026-10-02 03:22:43","2026-10-02 03:22:43","Aura Farming","2026-10-02 03:22:43","Collision Prevented","Collision Prevented","2026-10-02 03:22:43"
"2026-10-02 03:15:13","2026-10-02 03:15:13","Aura Farming","2026-10-02 03:15:13","Collision Prevented","Collision Prevented","2026-10-02 03:15:13"
"2026-10-02 03:14:56","2026-10-02 03:14:56","Aura Farming","2026-10-02 03:14:56","Complete","3 reels watched, 1 saved","2026-10-02 03:14:56"
"2026-10-02 03:14:03","2026-10-02 03:14:03","Aura Farming","2026-10-02 03:14:03","Collision Prevented","Collision Prevented","2026-10-02 03:14:03"
"2026-10-02 03:12:06","2026-10-02 03:12:06","Aura Farming","2026-10-02 03:12:06","Started","Cycle Started, Farming Aura","2026-10-02 03:12:06"
"2026-10-02 03:07:33","2026-10-02 03:07:33","Aura Farming","2026-10-02 03:07:33","Complete","No metrics recorded","2026-10-02 03:07:33"
"2026-10-02 03:07:22","2026-10-02 03:07:22","Aura Farming","2026-10-02 03:07:22","Collision Prevented","Collision Prevented","2026-10-02 03:07:22"
"2026-10-02 03:06:03","2026-10-02 03:06:03","Aura Farming","2026-10-02 03:06:03","Complete","1 likes, 5 reels watched, 1 shares, 4 saved, 7 posts scrolled, 4 Explore scrolls","2026-10-02 03:06:03"
"2026-10-02 03:04:56","2026-10-02 03:04:56","Aura Farming","2026-10-02 03:04:56","Started","Cycle Started, Farming Aura","2026-10-02 03:04:56"
"2026-10-02 03:04:50","2026-10-02 03:04:50","Aura Farming","2026-10-02 03:04:50","Complete","1 posts scrolled","2026-10-02 03:04:50"
"2026-10-02 03:03:59","2026-10-02 03:03:59","Aura Farming","2026-10-02 03:03:59","Collision Prevented","Collision Prevented","2026-10-02 03:03:59"
"2026-10-02 03:02:17","2026-10-02 03:02:17","Aura Farming","2026-10-02 03:02:17","Started","Cycle Started, Farming Aura","2026-10-02 03:02:17"
"2026-10-02 03:00:58","2026-10-02 03:00:58","Aura Farming","2026-10-02 03:00:58","Collision Prevented","Collision Prevented","2026-10-02 03:00:58"
"2026-10-02 02:58:28","2026-10-02 02:58:28","Aura Farming","2026-10-02 02:58:28","Started","Cycle Started, Farming Aura","2026-10-02 02:58:28"
"2026-10-02 02:56:39","2026-10-02 02:56:39","Aura Farming","2026-10-02 02:56:39","Collision Prevented","Collision Prevented","2026-10-02 02:56:39"
"2026-10-02 02:53:48","2026-10-02 02:53:48","Aura Farming","2026-10-02 02:53:48","Collision Prevented","Collision Prevented","2026-10-02 02:53:48"
"2026-10-02 02:53:24","2026-10-02 02:53:24","Aura Farming","2026-10-02 02:53:24","Complete","3 likes, 2 reels watched, 8 posts scrolled, 19 Explore scrolls","2026-10-02 02:53:24"
"2026-10-02 02:51:07","2026-10-02 02:51:07","Aura Farming","2026-10-02 02:51:07","Collision Prevented","Collision Prevented","2026-10-02 02:51:07"
"2026-10-02 02:46:07","2026-10-02 02:46:07","Aura Farming","2026-10-02 02:46:07","Started","Cycle Started, Farming Aura","2026-10-02 02:46:07"
"2026-10-02 02:43:37","2026-10-02 02:43:37","Aura Farming","2026-10-02 02:43:37","Complete","4 Explore scrolls","2026-10-02 02:43:37"
"2026-10-02 02:42:19","2026-10-02 02:42:19","Aura Farming","2026-10-02 02:42:19","Complete","No metrics recorded","2026-10-02 02:42:19"
"2026-10-02 02:41:10","2026-10-02 02:41:10","Aura Farming","2026-10-02 02:41:10","Complete","1 reels watched, 3 saved, 1 posts scrolled","2026-10-02 02:41:10"
"2026-10-02 02:40:30","2026-10-02 02:40:30","Aura Farming","2026-10-02 02:40:30","Started","Cycle Started, Farming Aura","2026-10-02 02:40:30"
"2026-10-02 02:39:26","2026-10-02 02:39:26","Aura Farming","2026-10-02 02:39:26","Started","Cycle Started, Farming Aura","2026-10-02 02:39:26"
"2026-10-02 02:38:32","2026-10-02 02:38:32","Aura Farming","2026-10-02 02:38:32","Collision Prevented","Collision Prevented","2026-10-02 02:38:32"
"2026-10-02 02:35:55","2026-10-02 02:35:55","Aura Farming","2026-10-02 02:35:55","Collision Prevented","Collision Prevented","2026-10-02 02:35:55"
"2026-10-02 02:35:31","2026-10-02 02:35:31","Aura Farming","2026-10-02 02:35:31","Started","Cycle Started, Farming Aura","2026-10-02 02:35:31"
"2026-10-02 02:31:13","2026-10-02 02:31:13","Aura Farming","2026-10-02 02:31:13","Complete","2 Explore scrolls","2026-10-02 02:31:13"
"2026-10-02 02:28:59","2026-10-02 02:28:59","Aura Farming","2026-10-02 02:28:59","Collision Prevented","Collision Prevented","2026-10-02 02:28:59"
"2026-10-02 02:28:43","2026-10-02 02:28:43","Aura Farming","2026-10-02 02:28:43","Started","Cycle Started, Farming Aura","2026-10-02 02:28:43"
"2026-10-02 02:27:45","2026-10-02 02:27:45","Aura Farming","2026-10-02 02:27:45","Collision Prevented","Collision Prevented","2026-10-02 02:27:45"
"2026-10-02 02:22:51","2026-10-02 02:22:51","Aura Farming","2026-10-02 02:22:51","Complete","3 likes, 3 saved, 9 posts scrolled","2026-10-02 02:22:51"
"2026-10-02 02:20:52","2026-10-02 02:20:52","Aura Farming","2026-10-02 02:20:52","Collision Prevented","Collision Prevented","2026-10-02 02:20:52"
"2026-10-02 02:19:28","2026-10-02 02:19:28","Aura Farming","2026-10-02 02:19:28","Complete","14 posts scrolled, 4 Explore scrolls","2026-10-02 02:19:28"
"2026-10-02 02:18:00","2026-10-02 02:18:00","Aura Farming","2026-10-02 02:18:00","Collision Prevented","Collision Prevented","2026-10-02 02:18:00"
"2026-10-02 02:17:16","2026-10-02 02:17:16","Aura Farming","2026-10-02 02:17:16","Complete","1 saved, 4 posts scrolled, 8 Explore scrolls","2026-10-02 02:17:16"
"2026-10-02 02:14:56","2026-10-02 02:14:56","Aura Farming","2026-10-02 02:14:56","Started","Cycle Started, Farming Aura","2026-10-02 02:14:56"
"2026-10-02 02:13:29","2026-10-02 02:13:29","Aura Farming","2026-10-02 02:13:29","Complete","1 likes, 8 reels watched, 1 saved, 2 posts scrolled, 6 Explore scrolls","2026-10-02 02:13:29"
"2026-10-02 02:12:09","2026-10-02 02:12:09","Aura Farming","2026-10-02 02:12:09","Started","Cycle Started, Farming Aura","2026-10-02 02:12:09"
"2026-10-02 02:11:43","2026-10-02 02:11:43","Aura Farming","2026-10-02 02:11:43","Started","Cycle Started, Farming Aura","2026-10-02 02:11:43"
"2026-10-02 02:11:34","2026-10-02 02:11:34","Aura Farming","2026-10-02 02:11:34","Collision Prevented","Collision Prevented","2026-10-02 02:11:34"
"2026-10-02 02:07:03","2026-10-02 02:07:03","Aura Farming","2026-10-02 02:07:03","Collision Prevented","Collision Prevented","2026-10-02 02:07:03"
"2026-10-02 02:06:47","2026-10-02 02:06:47","Aura Farming","2026-10-02 02:06:47","Started","Cycle Started, Farming Aura","2026-10-02 02:06:47"
"2026-10-02 02:06:18","2026-10-02 02:06:18","Aura Farming","2026-10-02 02:06:18","Complete","2 reels watched, 2 posts scrolled, 4 Explore scrolls","2026-10-02 02:06:18"
"2026-10-02 02:02:33","2026-10-02 02:02:33","Aura Farming","2026-10-02 02:02:33","Started","Cycle Started, Farming Aura","2026-10-02 02:02:33"
"2026-10-02 01:56:00","2026-10-02 01:56:00","Aura Farming","2026-10-02 01:56:00","Complete","1 likes, 2 reels watched, 1 shares, 6 posts scrolled, 6 Explore scrolls","2026-10-02 01:56:00"
"2026-10-02 01:55:15","2026-10-02 01:55:15","Aura Farming","2026-10-02 01:55:15","Collision Prevented","Collision Prevented","2026-10-02 01:55:15"
"2026-10-02 01:51:52","2026-10-02 01:51:52","Aura Farming","2026-10-02 01:51:52","Collision Prevented","Collision Prevented","2026-10-02 01:51:52"
"2026-10-02 01:50:21","2026-10-02 01:50:21","Aura Farming","2026-10-02 01:50:21","Complete","4 posts scrolled, 8 Explore scrolls","2026-10-02 01:50:21"
"2026-10-02 01:49:57","2026-10-02 01:49:57","Aura Farming","2026-10-02 01:49:57","Started","Cycle Started, Farming Aura","2026-10-02 01:49:57"
"2026-10-02 01:47:29","2026-10-02 01:47:29","Aura Farming","2026-10-02 01:47:29","Collision Prevented","Collision Prevented","2026-10-02 01:47:29"
"2026-10-02 01:45:13","2026-10-02 01:45:13","Aura Farming","2026-10-02 01:45:13","Started","Cycle Started, Farming Aura","2026-10-02 01:45:13"
"2026-10-02 01:43:13","2026-10-02 01:43:13","Aura Farming","2026-10-02 01:43:13","Collision Prevented","Collision Prevented","2026-10-02 01:43:13"
"2026-10-02 01:43:12","2026-10-02 01:43:12","Aura Farming","2026-10-02 01:43:12","Collision Prevented","Collision Prevented","2026-10-02 01:43:12"
"2026-10-02 01:38:31","2026-10-02 01:38:31","Aura Farming","2026-10-02 01:38:31","Collision Prevented","Collision Prevented","2026-10-02 01:38:31"
"2026-10-02 01:34:05","2026-10-02 01:34:05","Aura Farming","2026-10-02 01:34:05","Collision Prevented","Collision Prevented","2026-10-02 01:34:05"
"2026-10-02 01:33:30","2026-10-02 01:33:30","Aura Farming","2026-10-02 01:33:30","Collision Prevented","Collision Prevented","2026-10-02 01:33:30"
"2026-10-02 01:31:21","2026-10-02 01:31:21","Aura Farming","2026-10-02 01:31:21","Collision Prevented","Collision Prevented","2026-10-02 01:31:21"
"2026-10-02 01:28:25","2026-10-02 01:28:25","Aura Farming","2026-10-02 01:28:25","Complete","4 reels watched, 1 saved, 7 posts scrolled, 2 Explore scrolls","2026-10-02 01:28:25"
"2026-10-02 01:25:23","2026-10-02 01:25:23","Aura Farming","2026-10-02 01:25:23","Complete","1 likes, 1 shares, 1 saved, 7 posts scrolled","2026-10-02 01:25:23"
"2026-10-02 01:23:28","2026-10-02 01:23:28","Aura Farming","2026-10-02 01:23:28","Collision Prevented","Collision Prevented","2026-10-02 01:23:28"
"2026-10-02 01:23:20","2026-10-02 01:23:20","Aura Farming","2026-10-02 01:23:20","Started","Cycle Started, Farming Aura","2026-10-02 01:23:20"
"2026-10-02 01:22:31","2026-10-02 01:22:31","Aura Farming","2026-10-02 01:22:31","Collision Prevented","Collision Prevented","2026-10-02 01:22:31"
"2026-10-02 01:21:21","2026-10-02 01:21:21","Aura Farming","2026-10-02 01:21:21","Collision Prevented","Collision Prevented","2026-10-02 01:21:21"
"2026-10-02 01:19:07","2026-10-02 01:19:07","Aura Farming","2026-10-02 01:19:07","Started","Cycle Started, Farming Aura","2026-10-02 01:19:07"
"2026-10-02 01:18:51","2026-10-02 01:18:51","Aura Farming","2026-10-02 01:18:51","Collision Prevented","Collision Prevented","2026-10-02 01:18:51"
"2026-10-02 01:13:39","2026-10-02 01:13:39","Aura Farming","2026-10-02 01:13:39","Complete","1 likes, 4 reels watched, 2 Explore scrolls","2026-10-02 01:13:39"
"2026-10-02 01:12:44","2026-10-02 01:12:44","Aura Farming","2026-10-02 01:12:44","Collision Prevented","Collision Prevented","2026-10-02 01:12:44"
"2026-10-02 01:09:45","2026-10-02 01:09:45","Aura Farming","2026-10-02 01:09:45","Started","Cycle Started, Farming Aura","2026-10-02 01:09:45"
"2026-10-02 01:09:35","2026-10-02 01:09:35","Aura Farming","2026-10-02 01:09:35","Collision Prevented","Collision Prevented","2026-10-02 01:09:35"
"2026-10-02 01:08:35","2026-10-02 01:08:35","Aura Farming","2026-10-02 01:08:35","Collision Prevented","Collision Prevented","2026-10-02 01:08:35"
"2026-10-02 01:07:53","2026-10-02 01:07:53","Aura Farming","2026-10-02 01:07:53","Collision Prevented","Collision Prevented","2026-10-02 01:07:53"
"2026-10-02 01:07:27","2026-10-02 01:07:27","Aura Farming","2026-10-02 01:07:27","Collision Prevented","Collision Prevented","2026-10-02 01:07:27"
"2026-10-02 01:04:55","2026-10-02 01:04:55","Aura Farming","2026-10-02 01:04:55","Complete","4 reels watched, 3 Explore scrolls","2026-10-02 01:04:55"
"2026-10-02 01:03:32","2026-10-02 01:03:32","Aura Farming","2026-10-02 01:03:32","Collision Prevented","Collision Prevented","2026-10-02 01:03:32"
"2026-10-02 01:02:36","2026-10-02 01:02:36","Aura Farming","2026-10-02 01:02:36","Collision Prevented","Collision Prevented","2026-10-02 01:02:36"
"2026-10-02 01:01:24","2026-10-02 01:01:24","Aura Farming","2026-10-02 01:01:24","Started","Cycle Started, Farming Aura","2026-10-02 01:01:24"
"2026-10-02 01:00:22","2026-10-02 01:00:22","Aura Farming","2026-10-02 01:00:22","Complete","1 likes, 7 reels watched, 1 saved, 5 posts scrolled, 7 Explore scrolls","2026-10-02 01:00:22"
"2026-10-02 00:59:47","2026-10-02 00:59:47","Aura Farming","2026-10-02 00:59:47","Collision Prevented","Collision Prevented","2026-10-02 00:59:47"
"2026-10-02 00:59:29","2026-10-02 00:59:29","Aura Farming","2026-10-02 00:59:29","Complete","No metrics recorded","2026-10-02 00:59:29"
"2026-10-02 00:57:50","2026-10-02 00:57:50","Aura Farming","2026-10-02 00:57:50","Complete","4 reels watched, 3 saved, 14 posts scrolled","2026-10-02 00:57:50"
"2026-10-02 00:56:14","2026-10-02 00:56:14","Aura Farming","2026-10-02 00:56:14","Collision Prevented","Collision Prevented","2026-10-02 00:56:14"
"2026-10-02 00:56:00","2026-10-02 00:56:00","Aura Farming","2026-10-02 00:56:00","Started","Cycle Started, Farming Aura","2026-10-02 00:56:00"
"2026-10-02 00:53:04","2026-10-02 00:53:04","Aura Farming","2026-10-02 00:53:04","Collision Prevented","Collision Prevented","2026-10-02 00:53:04"
"2026-10-02 00:52:49","2026-10-02 00:52:49","Aura Farming","2026-10-02 00:52:49","Collision Prevented","Collision Prevented","2026-10-02 00:52:49"
"2026-10-02 00:51:03","2026-10-02 00:51:03","Aura Farming","2026-10-02 00:51:03","Started","Cycle Started, Farming Aura","2026-10-02 00:51:03"
"2026-10-02 00:49:04","2026-10-02 00:49:04","Aura Farming","2026-10-02 00:49:04","Started","Cycle Started, Farming Aura","2026-10-02 00:49:04"
"2026-10-02 00:46:25","2026-10-02 00:46:25","Aura Farming","2026-10-02 00:46:25","Collision Prevented","Collision Prevented","2026-10-02 00:46:25"
"2026-10-02 00:45:18","2026-10-02 00:45:18","Aura Farming","2026-10-02 00:45:18","Collision Prevented","Collision Prevented","2026-10-02 00:45:18"
"2026-10-02 00:40:23","2026-10-02 00:40:23","Aura Farming","2026-10-02 00:40:23","Complete","7 reels watched, 8 posts scrolled, 10 Explore scrolls","2026-10-02 00:40:23"
"2026-10-02 00:39:42","2026-10-02 00:39:42","Aura Farming","2026-10-02 00:39:42","Collision Prevented","Collision Prevented","2026-10-02 00:39:42"
"2026-10-02 00:33:33","2026-10-02 00:33:33","Aura Farming","2026-10-02 00:33:33","Started","Cycle Started, Farming Aura","2026-10-02 00:33:33"
"2026-10-02 00:31:57","2026-10-02 00:31:57","Aura Farming","2026-10-02 00:31:57","Complete","1 likes, 3 reels watched, 2 Explore scrolls","2026-10-02 00:31:57"
"2026-10-02 00:28:52","2026-10-02 00:28:52","Aura Farming","2026-10-02 00:28:52","Collision Prevented","Collision Prevented","2026-10-02 00:28:52"
"2026-10-02 00:27:46","2026-10-02 00:27:46","Aura Farming","2026-10-02 00:27:46","Started","Cycle Started, Farming Aura","2026-10-02 00:27:46"
"2026-10-02 00:26:24","2026-10-02 00:26:24","Aura Farming","2026-10-02 00:26:24","Complete","No metrics recorded","2026-10-02 00:26:24"
"2026-10-02 00:24:21","2026-10-02 00:24:21","Aura Farming","2026-10-02 00:24:21","Started","Cycle Started, Farming Aura","2026-10-02 00:24:21"
"2026-10-02 00:22:58","2026-10-02 00:22:58","Aura Farming","2026-10-02 00:22:58","Collision Prevented","Collision Prevented","2026-10-02 00:22:58"
"2026-10-02 00:14:44","2026-10-02 00:14:44","Aura Farming","2026-10-02 00:14:44","Complete","8 reels watched, 1 saved, 3 posts scrolled, 10 Explore scrolls","2026-10-02 00:14:44"
"2026-10-02 00:09:25","2026-10-02 00:09:25","Aura Farming","2026-10-02 00:09:25","Collision Prevented","Collision Prevented","2026-10-02 00:09:25"
"2026-10-02 00:05:41","2026-10-02 00:05:41","Aura Farming","2026-10-02 00:05:41","Started","Cycle Started, Farming Aura","2026-10-02 00:05:41"
"2026-10-02 00:05:32","2026-10-02 00:05:32","Aura Farming","2026-10-02 00:05:32","Complete","3 reels watched, 9 Explore scrolls","2026-10-02 00:05:32"
"2026-10-02 00:01:01","2026-10-02 00:01:01","Aura Farming","2026-10-02 00:01:01","Started","Cycle Started, Farming Aura","2026-10-02 00:01:01"
"2026-10-02 00:00:16","2026-10-02 00:00:16","Aura Farming","2026-10-02 00:00:16","Collision Prevented","Collision Prevented","2026-10-02 00:00:16"
"2026-10-01 23:59:58","2026-10-01 23:59:58","Aura Farming","2026-10-01 23:59:58","Collision Prevented","Collision Prevented","2026-10-01 23:59:58"
"2026-10-01 23:59:48","2026-10-01 23:59:48","Aura Farming","2026-10-01 23:59:48","Collision Prevented","Collision Prevented","2026-10-01 23:59:48"
"2026-10-01 23:50:09","2026-10-01 23:50:09","Aura Farming","2026-10-01 23:50:09","Collision Prevented","Collision Prevented","2026-10-01 23:50:09"
"2026-10-01 23:45:37","2026-10-01 23:45:37","Aura Farming","2026-10-01 23:45:37","Collision Prevented","Collision Prevented","2026-10-01 23:45:37"
"2026-10-01 23:44:14","2026-10-01 23:44:14","Aura Farming","2026-10-01 23:44:14","Complete","1 likes, 3 stories watched, 4 reels watched, 4 Explore scrolls","2026-10-01 23:44:14"
"2026-10-01 23:40:22","2026-10-01 23:40:22","Aura Farming","2026-10-01 23:40:22","Collision Prevented","Collision Prevented","2026-10-01 23:40:22"
"2026-10-01 23:36:57","2026-10-01 23:36:57","Aura Farming","2026-10-01 23:36:57","Started","Cycle Started, Farming Aura","2026-10-01 23:36:57"
"2026-10-01 23:36:13","2026-10-01 23:36:13","Aura Farming","2026-10-01 23:36:13","Collision Prevented","Collision Prevented","2026-10-01 23:36:13"
"2026-10-01 23:36:12","2026-10-01 23:36:12","Aura Farming","2026-10-01 23:36:12","Complete","4 likes, 5 reels watched, 1 posts scrolled, 5 Explore scrolls","2026-10-01 23:36:12"
"2026-10-01 23:34:51","2026-10-01 23:34:51","Aura Farming","2026-10-01 23:34:51","Collision Prevented","Collision Prevented","2026-10-01 23:34:51"
"2026-10-01 23:30:14","2026-10-01 23:30:14","Aura Farming","2026-10-01 23:30:14","Started","Cycle Started, Farming Aura","2026-10-01 23:30:14"
"2026-10-01 23:27:06","2026-10-01 23:27:06","Aura Farming","2026-10-01 23:27:06","Complete","No metrics recorded","2026-10-01 23:27:06"
"2026-10-01 23:25:11","2026-10-01 23:25:11","Aura Farming","2026-10-01 23:25:11","Started","Cycle Started, Farming Aura","2026-10-01 23:25:11"
"2026-10-01 23:19:34","2026-10-01 23:19:34","Aura Farming","2026-10-01 23:19:34","Collision Prevented","Collision Prevented","2026-10-01 23:19:34"
"2026-10-01 23:17:32","2026-10-01 23:17:32","Aura Farming","2026-10-01 23:17:32","Collision Prevented","Collision Prevented","2026-10-01 23:17:32"
"2026-10-01 23:17:21","2026-10-01 23:17:21","Aura Farming","2026-10-01 23:17:21","Complete","5 likes, 9 stories watched, 12 reels watched, 26 posts scrolled, 21 Explore scrolls","2026-10-01 23:17:21"
"2026-10-01 23:16:41","2026-10-01 23:16:41","Aura Farming","2026-10-01 23:16:41","Collision Prevented","Collision Prevented","2026-10-01 23:16:41"
"2026-10-01 23:13:40","2026-10-01 23:13:40","Aura Farming","2026-10-01 23:13:40","Complete","2 Explore scrolls","2026-10-01 23:13:40"
"2026-10-01 23:13:26","2026-10-01 23:13:26","Aura Farming","2026-10-01 23:13:26","Collision Prevented","Collision Prevented","2026-10-01 23:13:26"
"2026-10-01 23:13:19","2026-10-01 23:13:19","Aura Farming","2026-10-01 23:13:19","Complete","2 Explore scrolls","2026-10-01 23:13:19"
"2026-10-01 23:13:16","2026-10-01 23:13:16","Aura Farming","2026-10-01 23:13:16","Collision Prevented","Collision Prevented","2026-10-01 23:13:16"
"2026-10-01 23:12:54","2026-10-01 23:12:54","Aura Farming","2026-10-01 23:12:54","Complete","2 reels watched, 10 posts scrolled","2026-10-01 23:12:54"
"2026-10-01 23:11:14","2026-10-01 23:11:14","Aura Farming","2026-10-01 23:11:14","Started","Cycle Started, Farming Aura","2026-10-01 23:11:14"
"2026-10-01 23:10:15","2026-10-01 23:10:15","Aura Farming","2026-10-01 23:10:15","Started","Cycle Started, Farming Aura","2026-10-01 23:10:15"
"2026-10-01 23:07:50","2026-10-01 23:07:50","Aura Farming","2026-10-01 23:07:50","Collision Prevented","Collision Prevented","2026-10-01 23:07:50"
"2026-10-01 23:07:19","2026-10-01 23:07:19","Aura Farming","2026-10-01 23:07:19","Started","Cycle Started, Farming Aura","2026-10-01 23:07:19"
"2026-10-01 23:02:44","2026-10-01 23:02:44","Aura Farming","2026-10-01 23:02:44","Started","Cycle Started, Farming Aura","2026-10-01 23:02:44"
"2026-10-01 23:01:29","2026-10-01 23:01:29","Aura Farming","2026-10-01 23:01:29","Collision Prevented","Collision Prevented","2026-10-01 23:01:29"
"2026-10-01 22:55:33","2026-10-01 22:55:33","Aura Farming","2026-10-01 22:55:33","Collision Prevented","Collision Prevented","2026-10-01 22:55:33"
"2026-10-01 22:53:26","2026-10-01 22:53:26","Aura Farming","2026-10-01 22:53:26","Complete","7 posts scrolled, 7 Explore scrolls","2026-10-01 22:53:26"
"2026-10-01 22:50:48","2026-10-01 22:50:48","Aura Farming","2026-10-01 22:50:48","Collision Prevented","Collision Prevented","2026-10-01 22:50:48"
"2026-10-01 22:49:24","2026-10-01 22:49:24","Aura Farming","2026-10-01 22:49:24","Collision Prevented","Collision Prevented","2026-10-01 22:49:24"
"2026-10-01 22:48:28","2026-10-01 22:48:28","Aura Farming","2026-10-01 22:48:28","Started","Cycle Started, Farming Aura","2026-10-01 22:48:28"
"2026-10-01 22:45:16","2026-10-01 22:45:16","Aura Farming","2026-10-01 22:45:16","Collision Prevented","Collision Prevented","2026-10-01 22:45:16"
"2026-10-01 22:45:14","2026-10-01 22:45:14","Aura Farming","2026-10-01 22:45:14","Collision Prevented","Collision Prevented","2026-10-01 22:45:14"
"2026-10-01 22:44:00","2026-10-01 22:44:00","Aura Farming","2026-10-01 22:44:00","Complete","2 reels watched, 3 Explore scrolls","2026-10-01 22:44:00"
"2026-10-01 22:42:39","2026-10-01 22:42:39","Aura Farming","2026-10-01 22:42:39","Collision Prevented","Collision Prevented","2026-10-01 22:42:39"
"2026-10-01 22:40:15","2026-10-01 22:40:15","Aura Farming","2026-10-01 22:40:15","Started","Cycle Started, Farming Aura","2026-10-01 22:40:15"
"2026-10-01 22:29:39","2026-10-01 22:29:39","Aura Farming","2026-10-01 22:29:39","Complete","1 likes, 8 reels watched, 1 saved, 8 posts scrolled","2026-10-01 22:29:39"
"2026-10-01 22:27:41","2026-10-01 22:27:41","Aura Farming","2026-10-01 22:27:41","Complete","2 likes, 7 reels watched, 1 saved, 5 posts scrolled, 3 Explore scrolls","2026-10-01 22:27:41"
"2026-10-01 22:27:05","2026-10-01 22:27:05","Aura Farming","2026-10-01 22:27:05","Complete","No metrics recorded","2026-10-01 22:27:05"
"2026-10-01 22:24:37","2026-10-01 22:24:37","Aura Farming","2026-10-01 22:24:37","Started","Cycle Started, Farming Aura","2026-10-01 22:24:37"
"2026-10-01 22:20:38","2026-10-01 22:20:38","Aura Farming","2026-10-01 22:20:38","Started","Cycle Started, Farming Aura","2026-10-01 22:20:38"
"2026-10-01 22:20:20","2026-10-01 22:20:20","Aura Farming","2026-10-01 22:20:20","Complete","No metrics recorded","2026-10-01 22:20:20"
"2026-10-01 22:19:19","2026-10-01 22:19:19","Aura Farming","2026-10-01 22:19:19","Started","Cycle Started, Farming Aura","2026-10-01 22:19:19"
"2026-10-01 22:18:27","2026-10-01 22:18:27","Aura Farming","2026-10-01 22:18:27","Started","Cycle Started, Farming Aura","2026-10-01 22:18:27"
"2026-10-01 22:16:26","2026-10-01 22:16:26","Aura Farming","2026-10-01 22:16:26","Complete","No metrics recorded","2026-10-01 22:16:26"
"2026-10-01 22:14:03","2026-10-01 22:14:03","Aura Farming","2026-10-01 22:14:03","Started","Cycle Started, Farming Aura","2026-10-01 22:14:03"
"2026-10-01 22:04:43","2026-10-01 22:04:43","Aura Farming","2026-10-01 22:04:43","Complete","2 likes, 5 reels watched, 2 saved, 4 posts scrolled, 3 Explore scrolls","2026-10-01 22:04:43"
"2026-10-01 22:02:25","2026-10-01 22:02:25","Aura Farming","2026-10-01 22:02:25","Complete","No metrics recorded","2026-10-01 22:02:25"
"2026-10-01 22:02:21","2026-10-01 22:02:21","Aura Farming","2026-10-01 22:02:21","Complete","1 likes, 8 reels watched, 2 posts scrolled","2026-10-01 22:02:21"
"2026-10-01 22:01:45","2026-10-01 22:01:45","Aura Farming","2026-10-01 22:01:45","Collision Prevented","Collision Prevented","2026-10-01 22:01:45"
"2026-10-01 22:00:38","2026-10-01 22:00:38","Aura Farming","2026-10-01 22:00:38","Started","Cycle Started, Farming Aura","2026-10-01 22:00:38"
"2026-10-01 21:59:36","2026-10-01 21:59:36","Aura Farming","2026-10-01 21:59:36","Collision Prevented","Collision Prevented","2026-10-01 21:59:36"
"2026-10-01 21:58:20","2026-10-01 21:58:20","Aura Farming","2026-10-01 21:58:20","Started","Cycle Started, Farming Aura","2026-10-01 21:58:20"
"2026-10-01 21:57:21","2026-10-01 21:57:21","Aura Farming","2026-10-01 21:57:21","Complete","1 saved, 2 posts scrolled, 3 Explore scrolls","2026-10-01 21:57:21"
"2026-10-01 21:56:07","2026-10-01 21:56:07","Aura Farming","2026-10-01 21:56:07","Started","Cycle Started, Farming Aura","2026-10-01 21:56:07"
"2026-10-01 21:53:12","2026-10-01 21:53:12","Aura Farming","2026-10-01 21:53:12","Started","Cycle Started, Farming Aura","2026-10-01 21:53:12"
"2026-10-01 21:52:41","2026-10-01 21:52:41","Aura Farming","2026-10-01 21:52:41","Collision Prevented","Collision Prevented","2026-10-01 21:52:41"
"2026-10-01 21:43:09","2026-10-01 21:43:09","Aura Farming","2026-10-01 21:43:09","Complete","5 reels watched, 2 posts scrolled, 3 Explore scrolls","2026-10-01 21:43:09"
"2026-10-01 21:40:53","2026-10-01 21:40:53","Aura Farming","2026-10-01 21:40:53","Complete","No metrics recorded","2026-10-01 21:40:53"
"2026-10-01 21:39:31","2026-10-01 21:39:31","Aura Farming","2026-10-01 21:39:31","Started","Cycle Started, Farming Aura","2026-10-01 21:39:31"
"2026-10-01 21:39:21","2026-10-01 21:39:21","Aura Farming","2026-10-01 21:39:21","Collision Prevented","Collision Prevented","2026-10-01 21:39:21"
"2026-10-01 21:39:08","2026-10-01 21:39:08","Aura Farming","2026-10-01 21:39:08","Started","Cycle Started, Farming Aura","2026-10-01 21:39:08"
"2026-10-01 21:36:15","2026-10-01 21:36:15","Aura Farming","2026-10-01 21:36:15","Complete","1 posts scrolled, 4 Explore scrolls","2026-10-01 21:36:15"
"2026-10-01 21:35:09","2026-10-01 21:35:09","Aura Farming","2026-10-01 21:35:09","Complete","4 reels watched, 1 Explore scrolls","2026-10-01 21:35:09"
"2026-10-01 21:32:50","2026-10-01 21:32:50","Aura Farming","2026-10-01 21:32:50","Collision Prevented","Collision Prevented","2026-10-01 21:32:50"
"2026-10-01 21:32:12","2026-10-01 21:32:12","Aura Farming","2026-10-01 21:32:12","Started","Cycle Started, Farming Aura","2026-10-01 21:32:12"
"2026-10-01 21:30:43","2026-10-01 21:30:43","Aura Farming","2026-10-01 21:30:43","Started","Cycle Started, Farming Aura","2026-10-01 21:30:43"
"2026-10-01 21:24:07","2026-10-01 21:24:07","Aura Farming","2026-10-01 21:24:07","Collision Prevented","Collision Prevented","2026-10-01 21:24:07"
"2026-10-01 21:22:14","2026-10-01 21:22:14","Aura Farming","2026-10-01 21:22:14","Collision Prevented","Collision Prevented","2026-10-01 21:22:14"
"2026-10-01 21:17:58","2026-10-01 21:17:58","Aura Farming","2026-10-01 21:17:58","Collision Prevented","Collision Prevented","2026-10-01 21:17:58"
"2026-10-01 21:17:11","2026-10-01 21:17:11","Aura Farming","2026-10-01 21:17:11","Collision Prevented","Collision Prevented","2026-10-01 21:17:11"
"2026-10-01 21:12:35","2026-10-01 21:12:35","Aura Farming","2026-10-01 21:12:35","Collision Prevented","Collision Prevented","2026-10-01 21:12:35"
"2026-10-01 21:10:28","2026-10-01 21:10:28","Aura Farming","2026-10-01 21:10:28","Complete","2 likes, 10 reels watched, 2 saved, 1 posts scrolled","2026-10-01 21:10:28"
"2026-10-01 21:10:20","2026-10-01 21:10:20","Aura Farming","2026-10-01 21:10:20","Complete","3 posts scrolled, 1 Explore scrolls","2026-10-01 21:10:20"
"2026-10-01 21:07:49","2026-10-01 21:07:49","Aura Farming","2026-10-01 21:07:49","Collision Prevented","Collision Prevented","2026-10-01 21:07:49"
"2026-10-01 21:07:23","2026-10-01 21:07:23","Aura Farming","2026-10-01 21:07:23","Collision Prevented","Collision Prevented","2026-10-01 21:07:23"
"2026-10-01 21:05:37","2026-10-01 21:05:37","Aura Farming","2026-10-01 21:05:37","Started","Cycle Started, Farming Aura","2026-10-01 21:05:37"
"2026-10-01 21:05:16","2026-10-01 21:05:16","Aura Farming","2026-10-01 21:05:16","Collision Prevented","Collision Prevented","2026-10-01 21:05:16"
"2026-10-01 21:01:06","2026-10-01 21:01:06","Aura Farming","2026-10-01 21:01:06","Started","Cycle Started, Farming Aura","2026-10-01 21:01:06"
"2026-10-01 21:01:01","2026-10-01 21:01:01","Aura Farming","2026-10-01 21:01:01","Collision Prevented","Collision Prevented","2026-10-01 21:01:01"
"2026-10-01 20:57:28","2026-10-01 20:57:28","Aura Farming","2026-10-01 20:57:28","Complete","3 posts scrolled, 7 Explore scrolls","2026-10-01 20:57:28"
"2026-10-01 20:56:29","2026-10-01 20:56:29","Aura Farming","2026-10-01 20:56:29","Complete","1 likes, 2 reels watched, 1 saved","2026-10-01 20:56:29"
"2026-10-01 20:55:01","2026-10-01 20:55:01","Aura Farming","2026-10-01 20:55:01","Collision Prevented","Collision Prevented","2026-10-01 20:55:01"
"2026-10-01 20:53:39","2026-10-01 20:53:39","Aura Farming","2026-10-01 20:53:39","Started","Cycle Started, Farming Aura","2026-10-01 20:53:39"
"2026-10-01 20:53:30","2026-10-01 20:53:30","Aura Farming","2026-10-01 20:53:30","Collision Prevented","Collision Prevented","2026-10-01 20:53:30"
"2026-10-01 20:50:51","2026-10-01 20:50:51","Aura Farming","2026-10-01 20:50:51","Started","Cycle Started, Farming Aura","2026-10-01 20:50:51"
"2026-10-01 20:46:56","2026-10-01 20:46:56","Aura Farming","2026-10-01 20:46:56","Complete","7 reels watched, 1 saved","2026-10-01 20:46:56"
"2026-10-01 20:44:42","2026-10-01 20:44:42","Aura Farming","2026-10-01 20:44:42","Collision Prevented","Collision Prevented","2026-10-01 20:44:42"
"2026-10-01 20:42:30","2026-10-01 20:42:30","Aura Farming","2026-10-01 20:42:30","Complete","2 likes, 1 reels watched, 1 saved, 6 posts scrolled, 1 Explore scrolls","2026-10-01 20:42:30"
"2026-10-01 20:41:49","2026-10-01 20:41:49","Aura Farming","2026-10-01 20:41:49","Started","Cycle Started, Farming Aura","2026-10-01 20:41:49"
"2026-10-01 20:41:32","2026-10-01 20:41:32","Aura Farming","2026-10-01 20:41:32","Collision Prevented","Collision Prevented","2026-10-01 20:41:32"
"2026-10-01 20:37:26","2026-10-01 20:37:26","Aura Farming","2026-10-01 20:37:26","Started","Cycle Started, Farming Aura","2026-10-01 20:37:26"
"2026-10-01 20:33:41","2026-10-01 20:33:41","Aura Farming","2026-10-01 20:33:41","Complete","4 reels watched, 1 shares, 5 posts scrolled","2026-10-01 20:33:41"
"2026-10-01 20:32:48","2026-10-01 20:32:48","Aura Farming","2026-10-01 20:32:48","Complete","1 shares, 1 posts scrolled","2026-10-01 20:32:48"
"2026-10-01 20:32:38","2026-10-01 20:32:38","Aura Farming","2026-10-01 20:32:38","Collision Prevented","Collision Prevented","2026-10-01 20:32:38"
"2026-10-01 20:28:53","2026-10-01 20:28:53","Aura Farming","2026-10-01 20:28:53","Started","Cycle Started, Farming Aura","2026-10-01 20:28:53"
"2026-10-01 20:27:57","2026-10-01 20:27:57","Aura Farming","2026-10-01 20:27:57","Started","Cycle Started, Farming Aura","2026-10-01 20:27:57"
"2026-10-01 20:27:23","2026-10-01 20:27:23","Aura Farming","2026-10-01 20:27:23","Collision Prevented","Collision Prevented","2026-10-01 20:27:23"
"2026-10-01 20:26:49","2026-10-01 20:26:49","Aura Farming","2026-10-01 20:26:49","Collision Prevented","Collision Prevented","2026-10-01 20:26:49"
"2026-10-01 20:23:52","2026-10-01 20:23:52","Aura Farming","2026-10-01 20:23:52","Collision Prevented","Collision Prevented","2026-10-01 20:23:52"
"2026-10-01 20:19:51","2026-10-01 20:19:51","Aura Farming","2026-10-01 20:19:51","Complete","2 likes, 2 reels watched, 3 saved, 10 posts scrolled, 9 Explore scrolls","2026-10-01 20:19:51"
"2026-10-01 20:16:11","2026-10-01 20:16:11","Aura Farming","2026-10-01 20:16:11","Complete","1 likes, 6 reels watched, 1 shares, 1 saved, 9 posts scrolled, 4 Explore scrolls","2026-10-01 20:16:11"
"2026-10-01 20:11:09","2026-10-01 20:11:09","Aura Farming","2026-10-01 20:11:09","Started","Cycle Started, Farming Aura","2026-10-01 20:11:09"
"2026-10-01 20:07:50","2026-10-01 20:07:50","Aura Farming","2026-10-01 20:07:50","Complete","1 stories watched, 7 reels watched, 1 saved, 10 Explore scrolls","2026-10-01 20:07:50"
"2026-10-01 20:07:32","2026-10-01 20:07:32","Aura Farming","2026-10-01 20:07:32","Started","Cycle Started, Farming Aura","2026-10-01 20:07:32"
"2026-10-01 20:07:11","2026-10-01 20:07:11","Aura Farming","2026-10-01 20:07:11","Collision Prevented","Collision Prevented","2026-10-01 20:07:11"
"2026-10-01 20:05:34","2026-10-01 20:05:34","Aura Farming","2026-10-01 20:05:34","Collision Prevented","Collision Prevented","2026-10-01 20:05:34"
"2026-10-01 20:05:15","2026-10-01 20:05:15","Aura Farming","2026-10-01 20:05:15","Collision Prevented","Collision Prevented","2026-10-01 20:05:15"
"2026-10-01 19:59:39","2026-10-01 19:59:39","Aura Farming","2026-10-01 19:59:39","Started","Cycle Started, Farming Aura","2026-10-01 19:59:39"
"2026-10-01 19:54:34","2026-10-01 19:54:34","Aura Farming","2026-10-01 19:54:34","Complete","3 reels watched, 3 posts scrolled, 3 Explore scrolls","2026-10-01 19:54:34"
"2026-10-01 19:52:48","2026-10-01 19:52:48","Aura Farming","2026-10-01 19:52:48","Collision Prevented","Collision Prevented","2026-10-01 19:52:48"
"2026-10-01 19:50:12","2026-10-01 19:50:12","Aura Farming","2026-10-01 19:50:12","Started","Cycle Started, Farming Aura","2026-10-01 19:50:12"
"2026-10-01 19:50:03","2026-10-01 19:50:03","Aura Farming","2026-10-01 19:50:03","Collision Prevented","Collision Prevented","2026-10-01 19:50:03"
"2026-10-01 19:49:58","2026-10-01 19:49:58","Aura Farming","2026-10-01 19:49:58","Complete","11 reels watched, 1 saved","2026-10-01 19:49:58"
"2026-10-01 19:49:07","2026-10-01 19:49:07","Aura Farming","2026-10-01 19:49:07","Collision Prevented","Collision Prevented","2026-10-01 19:49:07"
"2026-10-01 19:45:45","2026-10-01 19:45:45","Aura Farming","2026-10-01 19:45:45","Complete","2 likes, 10 reels watched, 1 shares, 3 saved, 8 posts scrolled","2026-10-01 19:45:45"
"2026-10-01 19:43:33","2026-10-01 19:43:33","Aura Farming","2026-10-01 19:43:33","Collision Prevented","Collision Prevented","2026-10-01 19:43:33"
"2026-10-01 19:43:13","2026-10-01 19:43:13","Aura Farming","2026-10-01 19:43:13","Started","Cycle Started, Farming Aura","2026-10-01 19:43:13"
"2026-10-01 19:43:05","2026-10-01 19:43:05","Aura Farming","2026-10-01 19:43:05","Complete","2 likes, 5 reels watched, 2 saved, 7 posts scrolled","2026-10-01 19:43:05"
"2026-10-01 19:42:54","2026-10-01 19:42:54","Aura Farming","2026-10-01 19:42:54","Collision Prevented","Collision Prevented","2026-10-01 19:42:54"
"2026-10-01 19:38:24","2026-10-01 19:38:24","Aura Farming","2026-10-01 19:38:24","Collision Prevented","Collision Prevented","2026-10-01 19:38:24"
"2026-10-01 19:36:40","2026-10-01 19:36:40","Aura Farming","2026-10-01 19:36:40","Started","Cycle Started, Farming Aura","2026-10-01 19:36:40"
"2026-10-01 19:36:40","2026-10-01 19:36:40","Aura Farming","2026-10-01 19:36:40","Started","Cycle Started, Farming Aura","2026-10-01 19:36:40"
"2026-10-01 19:36:02","2026-10-01 19:36:02","Aura Farming","2026-10-01 19:36:02","Collision Prevented","Collision Prevented","2026-10-01 19:36:02"
"2026-10-01 19:34:10","2026-10-01 19:34:10","Aura Farming","2026-10-01 19:34:10","Complete","2 likes, 9 reels watched, 1 posts scrolled, 9 Explore scrolls","2026-10-01 19:34:10"
"2026-10-01 19:28:15","2026-10-01 19:28:15","Aura Farming","2026-10-01 19:28:15","Complete","2 reels watched, 2 posts scrolled, 4 Explore scrolls","2026-10-01 19:28:15"
"2026-10-01 19:26:26","2026-10-01 19:26:26","Aura Farming","2026-10-01 19:26:26","Complete","3 likes, 2 reels watched, 1 shares, 1 saved, 3 posts scrolled, 2 Explore scrolls","2026-10-01 19:26:26"
"2026-10-01 19:25:52","2026-10-01 19:25:52","Aura Farming","2026-10-01 19:25:52","Started","Cycle Started, Farming Aura","2026-10-01 19:25:52"
"2026-10-01 19:25:50","2026-10-01 19:25:50","Aura Farming","2026-10-01 19:25:50","Collision Prevented","Collision Prevented","2026-10-01 19:25:50"
"2026-10-01 19:24:49","2026-10-01 19:24:49","Aura Farming","2026-10-01 19:24:49","Started","Cycle Started, Farming Aura","2026-10-01 19:24:49"
"2026-10-01 19:22:36","2026-10-01 19:22:36","Aura Farming","2026-10-01 19:22:36","Collision Prevented","Collision Prevented","2026-10-01 19:22:36"
"2026-10-01 19:21:09","2026-10-01 19:21:09","Aura Farming","2026-10-01 19:21:09","Started","Cycle Started, Farming Aura","2026-10-01 19:21:09"
"2026-10-01 19:19:14","2026-10-01 19:19:14","Aura Farming","2026-10-01 19:19:14","Complete","3 likes, 7 reels watched, 5 posts scrolled, 3 Explore scrolls","2026-10-01 19:19:14"
"2026-10-01 19:18:18","2026-10-01 19:18:18","Aura Farming","2026-10-01 19:18:18","Collision Prevented","Collision Prevented","2026-10-01 19:18:18"
"2026-10-01 19:16:03","2026-10-01 19:16:03","Aura Farming","2026-10-01 19:16:03","Collision Prevented","Collision Prevented","2026-10-01 19:16:03"
"2026-10-01 19:14:29","2026-10-01 19:14:29","Aura Farming","2026-10-01 19:14:29","Complete","1 saved, 2 posts scrolled, 10 Explore scrolls","2026-10-01 19:14:29"
"2026-10-01 19:12:55","2026-10-01 19:12:55","Aura Farming","2026-10-01 19:12:55","Started","Cycle Started, Farming Aura","2026-10-01 19:12:55"
"2026-10-01 19:08:39","2026-10-01 19:08:39","Aura Farming","2026-10-01 19:08:39","Collision Prevented","Collision Prevented","2026-10-01 19:08:39"
"2026-10-01 19:06:47","2026-10-01 19:06:47","Aura Farming","2026-10-01 19:06:47","Started","Cycle Started, Farming Aura","2026-10-01 19:06:47"
"2026-10-01 19:05:31","2026-10-01 19:05:31","Aura Farming","2026-10-01 19:05:31","Collision Prevented","Collision Prevented","2026-10-01 19:05:31"
"2026-10-01 19:01:50","2026-10-01 19:01:50","Aura Farming","2026-10-01 19:01:50","Complete","2 stories watched, 5 reels watched, 2 saved, 6 Explore scrolls","2026-10-01 19:01:50"
"2026-10-01 18:54:53","2026-10-01 18:54:53","Aura Farming","2026-10-01 18:54:53","Started","Cycle Started, Farming Aura","2026-10-01 18:54:53"
"2026-10-01 18:54:16","2026-10-01 18:54:16","Aura Farming","2026-10-01 18:54:16","Collision Prevented","Collision Prevented","2026-10-01 18:54:16"
"2026-10-01 18:53:10","2026-10-01 18:53:10","Aura Farming","2026-10-01 18:53:10","Collision Prevented","Collision Prevented","2026-10-01 18:53:10"
"2026-10-01 18:50:09","2026-10-01 18:50:09","Aura Farming","2026-10-01 18:50:09","Complete","4 likes, 3 stories watched, 7 reels watched, 1 saved, 27 posts scrolled, 31 Explore scrolls","2026-10-01 18:50:09"
"2026-10-01 18:46:35","2026-10-01 18:46:35","Aura Farming","2026-10-01 18:46:35","Complete","2 likes, 7 reels watched, 1 saved, 5 posts scrolled, 7 Explore scrolls","2026-10-01 18:46:35"
"2026-10-01 18:45:45","2026-10-01 18:45:45","Aura Farming","2026-10-01 18:45:45","Complete","No metrics recorded","2026-10-01 18:45:45"
"2026-10-01 18:43:33","2026-10-01 18:43:33","Aura Farming","2026-10-01 18:43:33","Started","Cycle Started, Farming Aura","2026-10-01 18:43:33"
"2026-10-01 18:38:27","2026-10-01 18:38:27","Aura Farming","2026-10-01 18:38:27","Started","Cycle Started, Farming Aura","2026-10-01 18:38:27"
"2026-10-01 18:38:08","2026-10-01 18:38:08","Aura Farming","2026-10-01 18:38:08","Complete","1 likes, 3 reels watched, 1 saved, 6 Explore scrolls","2026-10-01 18:38:08"
"2026-10-01 18:36:45","2026-10-01 18:36:45","Aura Farming","2026-10-01 18:36:45","Collision Prevented","Collision Prevented","2026-10-01 18:36:45"
"2026-10-01 18:35:56","2026-10-01 18:35:56","Aura Farming","2026-10-01 18:35:56","Started","Cycle Started, Farming Aura","2026-10-01 18:35:56"
"2026-10-01 18:32:17","2026-10-01 18:32:17","Aura Farming","2026-10-01 18:32:17","Started","Cycle Started, Farming Aura","2026-10-01 18:32:17"
"2026-10-01 18:30:28","2026-10-01 18:30:28","Aura Farming","2026-10-01 18:30:28","Complete","4 reels watched, 7 posts scrolled","2026-10-01 18:30:28"
"2026-10-01 18:25:35","2026-10-01 18:25:35","Aura Farming","2026-10-01 18:25:35","Started","Cycle Started, Farming Aura","2026-10-01 18:25:35"
"2026-10-01 18:23:42","2026-10-01 18:23:42","Aura Farming","2026-10-01 18:23:42","Collision Prevented","Collision Prevented","2026-10-01 18:23:42"